"","V1","V2"
"1",807.65561,2618.8863
"2",752.53002,2696.51277
"3",735.24472,2570.45739
"4",744.04761,2557.299662
"5",721.066825,2632.379441
"6",737.578928,2654.121248
"7",732.804674,2680.127497
"8",729.534638,2568.713378
"9",762.074695,2593.964215
"10",822.395817,2623.796007
"11",800.39355,2609.18215
"12",800.384303,2639.611083
"13",776.28288,2606.99835
"14",795.13726,2592.48613
"15",756.10213,2635.75593
"16",752.22635,2647.33211
"17",766.629771,2681.112004
"18",796.27496,2665.2555
"19",799.78365,2659.630498
"20",773.143692,2662.868573
"21",802.814788,2652.286299
"22",795.218502,2689.219112
"23",795.89677,2825.86099
"24",778.981382,2787.425582
"25",772.81552,2780.787105
"26",748.818668,2753.527578
"27",805.45012,2767.683997
"28",800.74715,2721.001368
"29",813.358113,2697.804459
"30",818.37183,2833.356328
"31",809.770907,2831.424028
"32",816.734615,2741.806535
"33",801.930925,2798.580955
"34",841.4564,2818.467501
"35",830.160809,2774.620039
"36",802.42287,2763.100696
"37",860.1005,2825.44924
"38",807.493923,2809.455211
"39",859.42298,2832.129788
"40",849.80212,2807.18445
"41",811.7192,2782.42828
"42",839.65744,2686.294652
"43",827.081358,2629.649698
"44",807.59651,2591.802042
"45",799.4798,2637.6495865
"46",816.23536,2543.900337
"47",794.27221,2659.68603
"48",804.71965,2739.6176
"49",815.315092,2641.063758
"50",806.059656,2640.923396
"51",818.6889,2674.16185
"52",792.835594,2628.182204
"53",801.32098,2573.1953482
"54",800.8465,2554.993079
"55",813.16537,2583.399385
"56",804.54812,2609.320603
"57",797.133359,2631.531039
"58",792.184067,2668.974571
"59",797.22601,2622.556606
"60",801.279083,2605.977321
"61",839.230561,2617.261791
"62",827.91049,2681.929623
"63",777.903809,2678.382899
"64",792.568423,2699.340412
"65",804.82633,2721.41664
"66",819.383761,2695.580061
"67",826.263597,2681.869057
"68",778.789901,2654.858791
"69",792.70977,2665.83065
"70",813.629357,2634.310784
"71",811.29307,2600.549965
"72",815.111599,2725.668187
"73",801.691988,2718.519472
"74",800.718956,2782.369128
"75",809.6367319,2674.1960309
"76",799.035853,2724.43606
"77",817.584845,2729.42723
"78",805.017301,2653.591707
"79",819.15147,2590.510109
"80",829.09868,2612.85504
"81",852.262737,2548.173706
"82",823.250953,2540.851632
"83",847.17679,2633.98936
"84",834.91584,2671.249902
"85",806.227284,2741.136177
"86",809.358734,2722.42314
"87",789.670921,2797.781131
"88",815.342846,2811.363986
"89",799.814399,2769.354222
"90",799.34508,2773.224491
"91",801.33487,2661.57286
"92",810.61954,2576.208976
"93",806.62833,2585.41459
"94",807.16433,2627.048288
"95",802.46786,2716.367402
"96",797.333649,2627.446959
"97",786.330684,2612.510388
"98",791.053783,2569.568588
"99",786.807944,2575.487208
"100",772.553704,2675.501572
"101",805.546637,2729.729729
"102",795.18417,2671.30762
"103",791.81955,2572.443955
"104",822.3836523,2554.7109593
"105",843.0028724,2575.5648344
"106",839.98462,2678.66644
"107",841.06633,2729.65912
"108",855.13422,2780.05429
"109",861.87578,2845.05261
"110",868.395237,2778.353727
"111",818.066796,2673.272216
"112",820.99328,2640.71803
"113",807.81716,2556.7026
"114",801.03974,2622.50259
"115",806.59342,2604.67969
"116",812.32406,2583.94891
"117",814.81559,2600.86585
"118",797.48006,2654.790995
"119",797.70042,2615.113369
"120",813.3759,2633.50166
"121",806.82884,2646.31094
"122",792.369971,2630.286895
"123",801.39437,2646.41182
"124",803.00501,2565.587137
"125",806.068815,2504.737766
"126",836.654553,2608.1250579
"127",803.205408,2653.877842
"128",834.79502,2720.035199
"129",792.969366,2611.785306
"130",801.09759,2579.16692
"131",806.80561,2587.08477
"132",790.6645,2598.35609
"133",785.22131,2633.29683
"134",769.699,2593.85968
"135",805.58124,2665.72218
"136",798.989495,2612.2630633
"137",818.763585,2681.773803
"138",798.53927,2654.682669
"139",794.000538,2622.218308
"140",822.97537,2591.222098
"141",782.224122,2554.830932
"142",797.588971,2532.93266
"143",864.335628,2603.828087
"144",834.27703,2616.477414
"145",833.87483,2607.326348
"146",840.10947,2671.053
"147",853.34964,2663.904682
"148",854.79921,2781.171896
"149",845.76455,2745.60548
"150",816.977059,2640.008379
"151",801.1391,2547.38204
"152",800.735232,2605.394632
"153",816.291768,2591.641386
"154",796.823263,2567.565026
"155",821.049609,2558.590264
"156",803.413029,2528.724759
"157",811.75636,2582.19246
"158",796.40964,2586.844917
"159",795.33526,2630.88038
"160",796.92902,2686.794243
"161",798.72167,2615.041957
"162",798.51264,2562.2569703
"163",796.02084,2598.568448
"164",801.19674,2591.842662
"165",800.4394,2667.734255
"166",803.27119,2735.547416
"167",808.14428,2732.298033
"168",836.722009,2747.542157
"169",805.86023,2693.506704
"170",835.78262,2626.478026
"171",879.306503,2604.438121
"172",805.96154,2716.3237422
"173",806.106339,2686.5275
"174",804.753156,2763.259376
"175",837.48389,2794.469482
"176",795.957358,2785.604067
"177",813.95902,2784.821894
"178",810.925058,2708.916168
"179",820.33465,2637.22599
"180",790.492119,2647.958324
"181",798.97822,2664.928281
"182",803.19716,2782.66894
"183",851.396185,2638.409105
"184",792.214134,2650.654677
"185",801.372704,2678.442314
"186",792.65638,2661.923362
"187",804.19692,2633.088855
"188",794.61003,2699.86444
"189",781.367166,2656.250135
"190",799.648678,2569.559588
"191",798.700511,2587.425051
"192",815.18903,2664.756631
"193",794.85083,2597.697951
"194",795.69401,2636.0979
"195",812.9242802,2603.6658102
"196",804.24977,2649.6608933
"197",806.9866877,2686.2728637
"198",814.8082487,2705.7098947
"199",800.68494,2824.52151
"200",772.352687,2897.865086
"201",748.612381,2924.287411
"202",779.814911,2950.093551
"203",751.807578,2945.127883
"204",671.5549872,2933.5354922
"205",671.97603,2811.567252
"206",671.0051692,2857.0667752
"207",655.63924,2817.493679
"208",651.52595,2746.970561
"209",682.11765,2730.492323
"210",676.3492,2819.655408
"211",705.662931,2757.721901
"212",740.436203,2818.182549
"213",721.660908,2819.323988
"214",700.73261,2821.297414
"215",696.372693,2724.298017
"216",734.962912,2770.395882
"217",737.17381,2711.061415
"218",777.28278,2721.293383
"219",795.1048459,2688.0489279
"220",797.932593,2725.821924
"221",826.09026,2688.9219209
"222",793.776454,2662.46262
"223",787.000161,2677.436971
"224",841.409411,2625.569364
"225",796.583684,2758.683454
"226",794.405985,2709.434602
"227",752.381996,2710.434896
"228",759.74464,2633.023937
"229",805.33531,2740.076335
"230",814.32814,2711.551293
"231",794.295193,2602.232481
"232",837.534683,2561.470204
"233",820.4159,2583.37297
"234",833.85118,2580.466722
"235",847.55633,2688.533515
"236",820.948903,2696.811153
"237",815.001622,2624.382112
"238",791.960362,2684.149342
"239",787.605964,2690.081212
"240",808.259587,2666.478282
"241",806.458887,2754.320053
"242",805.715634,2741.519921
"243",820.390441,2748.081628
"244",824.093,2673.62823
"245",799.220347,2575.027677
"246",783.40281,2595.578266
"247",805.827563,2568.800794
"248",794.821423,2555.724883
"249",804.119135,2673.0588
"250",804.24996,2672.44132
"251",805.21741,2625.44782
"252",801.78225,2652.85675
"253",778.563871,2701.178225
"254",748.940581,2718.141476
"255",779.480236,2607.549526
"256",823.9797,2623.82256
"257",800.977126,2650.191157
"258",822.983343,2713.245366
"259",826.911388,2684.238102
"260",830.301623,2650.598446
"261",822.86057,2672.324568
"262",836.16749,2705.216007
"263",843.5817,2732.283858
"264",852.226935,2783.672147
"265",845.55461,2722.39855
"266",803.350536,2708.350875
"267",803.705786,2671.30189
"268",805.989966,2653.60756
"269",815.76637,2656.175725
"270",811.338324,2594.995823
"271",805.60039,2599.392839
"272",822.2432,2602.189004
"273",812.96635,2649.159974
"274",827.69386,2650.365708
"275",798.90918,2730.826357
"276",800.10075,2757.305618
"277",823.43855,2779.786771
"278",824.058586,2796.299068
"279",799.664626,2782.986806
"280",803.40822,2637.130063
"281",828.22855,2573.029468
"282",842.76216,2600.597019
"283",851.363806,2710.927165
"284",894.284575,2597.542981
"285",804.454999,2578.862893
"286",830.481186,2576.264396
"287",801.597515,2596.384015
"288",848.17053,2557.034538
"289",824.52176,2592.16546
"290",809.0669,2555.5872
"291",795.8818,2521.2216
"292",798.126236,2589.61342
"293",762.19425,2580.619913
"294",738.336542,2560.497087
"295",801.91707,2703.545233
"296",797.31705,2596.436061
"297",813.82596,2583.890925
"298",804.726185,2667.417935
"299",778.826822,2568.820629
"300",809.770147,2558.17471
"301",792.52065,2641.898015
"302",785.145,2576.266249
"303",788.49109,2598.214655
"304",794.818421,2638.541195
"305",755.8652995,2628.6044445
"306",747.199328,2713.927073
"307",741.638487,2760.174794
"308",790.107398,2861.071297
"309",805.864455,2821.622638
"310",789.308825,2869.03328
"311",802.8277,2833.656539
"312",830.15356,2781.587737
"313",799.934561,2763.209911
"314",796.96414,2632.4335
"315",794.15818,2630.64601
"316",803.0293801,2736.9458061
"317",803.95801,2731.900498
"318",796.91542,2604.40914
"319",799.24152,2744.36741
"320",802.00536,2586.567494
"321",835.262535,2730.055512
"322",833.887852,2657.244779
"323",811.193129,2641.109919
"324",798.315665,2632.805989
"325",793.307855,2794.196347
"326",771.664979,2793.021184
"327",760.21409,2666.834732
"328",800.84984,2636.521102
"329",804.306742,2686.613707
"330",815.94201,2600.573329
"331",824.36322,2620.71614
"332",809.64449,2690.625243
"333",800.081307,2697.348037
"334",802.04253,2703.58302
"335",801.438702,2724.123212
"336",801.360623,2720.218108
"337",802.318087,2714.083043
"338",773.796075,2743.467395
"339",801.200527,2611.320565
"340",788.385811,2647.254281
"341",793.22011,2665.157688
"342",801.751002,2646.381216
"343",797.65137,2664.375982
"344",796.52316,2632.75114
"345",814.37154,2643.938608
"346",795.73634,2676.527012
"347",796.71063,2718.0067722
"348",828.28321,2639.00562
"349",816.31487,2559.940941
"350",799.94191,2670.54258
"351",802.52268,2605.6463
"352",821.95233,2614.26957
"353",827.50201,2652.84557
"354",810.709558,2637.724283
"355",772.124802,2591.879081
"356",788.292443,2582.128417
"357",819.289193,2595.875004
"358",794.957779,2553.808263
"359",801.670027,2623.830547
"360",794.48389,2655.21745
"361",823.909371,2618.955242
"362",831.20578,2594.917498
"363",812.47511,2588.16287
"364",819.52721,2588.5920947
"365",837.943664,2612.6079901
"366",798.80839,2586.098686
"367",812.459761,2629.926571
"368",795.254254,2602.903014
"369",811.95291,2620.83037
"370",805.81555,2641.228842
"371",821.117961,2661.740521
"372",798.474289,2660.095219
"373",761.86506,2631.13928
"374",759.74497,2626.858242
"375",794.932453,2562.450883
"376",826.181594,2621.842494
"377",760.240038,2672.725258
"378",776.553298,2607.069128
"379",813.553018,2577.795335
"380",800.549027,2550.756068
"381",798.28832,2541.344298
"382",798.296859,2593.618488
"383",745.416398,2675.365778
"384",750.310218,2610.216518
"385",750.355304,2679.603124
"386",737.19633,2643.146886
"387",755.81532,2595.11826
"388",752.59604,2611.712292
"389",748.41077,2569.664002
"390",808.55777,2591.179715
"391",773.93286,2586.551273
"392",809.964849,2626.888156
"393",769.8675208,2666.8910608
"394",804.77842,2638.78626
"395",803.97484,2596.555091
"396",779.30147,2589.863009
"397",740.02067,2566.99978
"398",737.111383,2611.363296
"399",752.995095,2605.24056
"400",777.69929,2740.40053
"401",795.587568,2641.871978
"402",809.859035,2558.763585
"403",793.471667,2672.539397
"404",797.54901,2594.41343
"405",757.08612,2632.631732
"406",764.78245,2587.68555
"407",804.476174,2625.543744
"408",800.5511791,2617.4733761
"409",811.73322,2619.386056
"410",830.97375,2586.543304
"411",787.803159,2686.810077
"412",803.22831,2739.10539
"413",808.426787,2792.409164
"414",792.90875,2652.054346
"415",802.010041,2587.96316
"416",811.23773,2567.140879
"417",805.55622,2583.330188
"418",805.0473263,2713.9425023
"419",798.122221,2627.029942
"420",788.90525,2668.369175
"421",807.47153,2692.385434
"422",811.44657,2647.27126
"423",844.012674,2657.685024
"424",810.640291,2659.804182
"425",809.3141182,2929.2070582
"426",804.147295,2927.029365
"427",796.700308,2801.3110296
"428",811.89448,2753.968188
"429",789.277217,2782.431332
"430",817.246367,2778.6587144
"431",822.393186,2749.189885
"432",824.06605,2668.12246
"433",843.19078,2599.27624
"434",850.459346,2671.689138
"435",846.15339,2689.66133
"436",788.35714,2607.88263
"437",758.015757,2597.457907
"438",733.27569,2659.91619
"439",793.7878,2677.50244
"440",834.32913,2653.210614
"441",796.87167,2672.45666
"442",800.80854,2756.60908
"443",804.52615,2774.47619
"444",801.76501,2778.40922
"445",794.83456,2737.15212
"446",806.63745,2753.99965
"447",826.69279,2664.430109
"448",796.12751,2642.01002
"449",766.13335,2630.661567
"450",772.59733,2687.97415
"451",790.104989,2640.491832
"452",807.164932,2675.122203
"453",828.69127,2606.69101
"454",802.41009,2642.9304
"455",807.32463,2590.58341
"456",818.39502,2625.98104
"457",792.38405,2610.62925
"458",784.286589,2540.162952
"459",796.048727,2537.122862
"460",804.94687,2656.56338
"461",811.6842,2660.89931
"462",804.95261,2659.53224
"463",795.317472,2584.990052
"464",795.368641,2613.749478
"465",753.613316,2623.912566
"466",744.840883,2638.309593
"467",741.711491,2618.646529
"468",758.73708,2688.377855
"469",740.88402,2672.76104
"470",761.259534,2623.426564
"471",740.11893,2630.134541
"472",739.74426,2588.96219
"473",813.93037,2649.62855
"474",807.8386,2647.529601
"475",811.1151,2574.1359963
"476",813.721868,2589.559008
"477",817.3081,2468.263081
"478",814.078984,2512.629814
"479",832.554004,2553.413062
"480",807.090827,2539.933397
"481",805.932524,2547.178194
"482",820.240368,2639.242033
"483",808.401071,2623.660431
"484",770.157161,2611.328445
"485",801.933033,2677.185587
"486",820.07865,2630.18097
"487",824.152976,2542.031227
"488",829.778009,2600.190128
"489",796.916895,2563.384525
"490",795.18009,2595.868646
"491",797.870342,2573.495319
"492",792.519225,2625.405165
"493",808.296205,2630.702709
"494",819.720179,2645.050239
"495",744.420672,2786.378102
"496",763.806698,2715.54749
"497",803.467908,2761.238611
"498",793.760814,2746.006596
"499",764.898918,2775.643568
"500",802.263058,2767.068568
"501",812.17829,2634.919819
"502",816.49438,2739.043264
"503",810.79237,2654.30189
"504",793.119446,2592.387846
"505",808.86635,2572.112871
"506",807.81274,2614.919691
"507",806.85371,2753.085771
"508",808.75764,2798.259923
"509",803.75824,2775.350714
"510",798.70402,2792.513905
"511",816.35115,2768.928669
"512",813.3375,2742.374957
"513",792.68323,2770.270979
"514",850.783674,2739.546251
"515",799.95356,2707.458839
"516",798.239652,2736.333722
"517",799.59088,2757.928513
"518",810.72558,2772.80299
"519",805.72505,2795.408988
"520",805.88645,2891.73598
"521",802.281729,2856.689609
"522",798.14673,2740.85953
"523",835.109289,2735.585574
"524",816.264177,2680.972439
"525",841.446355,2712.032071
"526",797.86986,2702.82382
"527",799.974224,2698.785084
"528",831.154037,2648.306346
"529",799.87058,2620.87648
"530",787.29516,2573.546985
"531",813.88628,2578.836967
"532",798.97944,2621.10768
"533",804.885798,2552.357973
"534",809.914265,2600.998005
"535",807.102209,2592.344919
"536",831.931442,2582.219764
"537",854.389855,2564.539315
"538",839.10034,2557.52871
"539",795.892618,2718.969663
"540",803.960135,2633.707525
"541",799.700792,2599.449212
"542",795.239226,2573.251906
"543",797.999626,2601.503966
"544",805.90759,2619.557003
"545",833.148348,2771.473346
"546",814.28464,2685.588522
"547",793.82293,2704.856837
"548",797.669476,2576.71791
"549",771.33095,2590.236074
"550",819.239951,2596.438895
"551",835.721828,2565.175898
"552",804.62284,2619.710731
"553",812.762785,2684.382015
"554",817.37842,2722.71858
"555",802.85338,2723.475099
"556",798.68482,2659.348107
"557",790.654609,2575.001829
"558",799.178664,2660.597172
"559",800.72587,2605.03514
"560",778.44159,2632.450465
"561",798.416816,2764.462986
"562",779.41627,2670.12801
"563",801.07828,2641.491556
"564",793.90359,2670.558599
"565",749.010374,2680.781543
"566",822.17168,2790.594461
"567",831.73776,2720.057431
"568",799.19931,2749.429056
"569",780.32573,2774.97472
"570",806.944894,2715.622837
"571",820.75483,2699.10097
"572",799.285355,2799.214941
"573",806.72116,2716.710318
"574",798.94118,2687.76885
"575",801.037493,2752.661675
"576",834.345161,2730.018541
"577",799.26303,2700.83651
"578",802.009462,2711.335621
"579",850.852436,2746.4790008
"580",846.0786,2698.85001
"581",836.947999,2727.630738
"582",861.51604,2763.55635
"583",811.369696,2668.471282
"584",792.582407,2668.688795
"585",823.021031,2678.231541
"586",804.77426,2599.271556
"587",837.4702054,2663.0993154
"588",831.5049294,2624.6245994
"589",809.801314,2666.264954
"590",793.52803,2658.147234
"591",815.965677,2654.651155
"592",798.09046,2565.014797
"593",795.86948,2670.823942
"594",804.644551,2669.169564
"595",809.18686,2648.768787
"596",843.15401,2734.4770658
"597",828.0582559,2762.7156399
"598",811.982394,2755.248039
"599",794.60703,2698.285717
"600",821.15687,2712.38944
"601",800.48031,2780.872557
"602",822.69771,2745.418875
"603",798.06851,2670.91818
"604",826.36631,2692.855581
"605",830.510541,2613.046611
"606",826.503407,2731.003356
"607",837.414039,2720.862824
"608",793.232339,2698.177096
"609",758.654655,2714.6542496
"610",805.206214,2681.52939
"611",832.74511,2662.53786
"612",809.44056,2633.6172318
"613",795.07405,2679.538327
"614",820.84099,2603.547776
"615",801.60179,2672.00278
"616",822.7348,2584.380341
"617",810.91236,2664.406115
"618",851.162825,2702.817003
"619",798.27419,2755.843351
"620",812.315334,2627.956024
"621",774.66536,2621.853004
"622",775.09708,2655.27288
"623",813.54859,2616.39296
"624",791.21361,2626.25483
"625",802.19291,2639.44962
"626",810.55994,2650.068723
"627",803.70658,2650.708973
"628",806.34384,2639.15405
"629",803.215778,2652.660008
"630",808.46212,2650.45306
"631",807.352433,2696.837773
"632",792.12144,2720.023
"633",769.34264,2693.53605
"634",799.36375,2671.71441
"635",788.31162,2653.827437
"636",786.07912,2656.68478
"637",862.787325,2669.7601
"638",795.925216,2710.472075
"639",823.784647,2638.38342
"640",820.22465,2662.857085
"641",818.676426,2642.007636
"642",820.929994,2701.451984
"643",814.04384,2683.058242
"644",810.513667,2682.260177
"645",790.364915,2770.587873
"646",749.706621,2660.740957
"647",757.144781,2597.233161
"648",755.485649,2615.882588
"649",678.532461,2603.2819901
"650",684.7412635,2682.8201195
"651",690.64743,2613.653546
"652",731.64812,2615.320221
"653",690.39976,2654.817543
"654",689.41573,2614.02931
"655",733.830494,2593.135186
"656",760.864152,2603.894717
"657",809.846588,2638.561754
"658",815.25979,2605.778737
"659",794.488575,2622.7499698
"660",832.50528,2669.245724
"661",831.591325,2637.366878
"662",847.472243,2653.251551
"663",819.039133,2669.33859
"664",822.994247,2690.199411
"665",797.811449,2605.954123
"666",808.64139,2672.609088
"667",796.075378,2763.701268
"668",805.893315,2672.763857
"669",807.115226,2688.979382
"670",799.950334,2714.225299
"671",820.536602,2689.824475
"672",786.765825,2675.759695
"673",802.486785,2621.460297
"674",802.68723,2605.912514
"675",801.217678,2636.332648
"676",800.826839,2656.166017
"677",794.9143,2660.106766
"678",794.593997,2613.177433
"679",781.660513,2652.8386647
"680",822.097791,2545.765881
"681",817.404733,2613.769169
"682",821.423945,2580.538283
"683",806.928109,2595.377118
"684",802.31777,2634.608868
"685",794.553782,2634.2772825
"686",825.635589,2601.58269
"687",824.864201,2565.672004
"688",823.58748,2573.697622
"689",816.182733,2579.177793
"690",803.1251,2561.341173
"691",794.15858,2710.592489
"692",811.145804,2654.892254
"693",809.76982,2607.57329
"694",801.548984,2597.063075
"695",855.964628,2560.057408
"696",838.401835,2577.106255
"697",794.750438,2615.669397
"698",799.281436,2628.7705912
"699",822.535023,2581.3308429
"700",809.6012706,2617.8889786
"701",840.164945,2660.687111
"702",877.890164,2586.180673
"703",799.351415,2593.030749
"704",710.860968,2587.968058
"705",688.17583,2566.80705
"706",794.47871,2552.229728
"707",813.322855,2708.6611459
"708",816.118387,2791.145253
"709",795.863871,2804.1530268
"710",823.771073,2841.513682
"711",795.53163,2913.841266
"712",773.306558,2773.801394
"713",804.91719,2743.56279
"714",813.376771,2666.186798
"715",814.01254,2640.854717
"716",819.13369,2634.242188
"717",848.42623,2560.797558
"718",800.627401,2622.818711
"719",762.343648,2622.068308
"720",807.605513,2657.5503691
"721",799.48633,2778.5576216
"722",795.529402,2726.538892
"723",822.05193,2784.84301
"724",799.044826,2754.943926
"725",796.37368,2773.78465
"726",794.14759,2776.7834
"727",813.65902,2780.714824
"728",806.079225,2761.247835
"729",817.696908,2787.308889
"730",804.987095,2821.972323
"731",830.932187,2709.792263
"732",821.316203,2714.108706
"733",812.939177,2712.493947
"734",795.599894,2695.052707
"735",806.737174,2686.973136
"736",806.40736,2637.385713
"737",831.12674,2678.01017
"738",820.0544,2612.649636
"739",843.3869,2651.864232
"740",895.01774,2629.160062
"741",900.88211,2650.395344
"742",898.97805,2627.12931
"743",866.011764,2650.205561
"744",796.26716,2656.76891
"745",794.43971,2668.8171
"746",829.62839,2634.60425
"747",811.72406,2639.700982
"748",843.274959,2599.877369
"749",813.770899,2604.790098
"750",824.75217,2651.24843
"751",799.37359,2645.1358
"752",796.64018,2597.907452
"753",792.9079209,2609.6571979
"754",797.374098,2614.95168
"755",784.32568,2602.80849
"756",777.966861,2687.802027
"757",755.69439,2659.57259
"758",806.104965,2626.749326
"759",796.046823,2640.655623
"760",812.819573,2568.9088304
"761",801.32836,2575.064996
"762",793.41151,2587.657388
"763",813.5348,2509.153859
"764",804.6377,2595.07946
"765",807.245759,2668.01274
"766",788.1200779,2647.4210579
"767",795.171657,2680.705007
"768",806.418346,2654.848114
"769",786.918249,2750.059919
"770",806.74168,2745.921397
"771",812.072373,2649.4704543
"772",833.79784,2732.94079
"773",790.7594,2779.29676
"774",794.96402,2780.65028
"775",820.96413,2763.656463
"776",815.58639,2757.25739
"777",799.33438,2733.791757
"778",795.95467,2682.507418
"779",779.91517,2635.772615
"780",837.21963,2590.709733
"781",845.208887,2604.025107
"782",822.627591,2542.910754
"783",815.227148,2589.490412
"784",797.09701,2587.129953
"785",821.109703,2658.919517
"786",783.75998,2607.6316
"787",801.818669,2638.49309
"788",808.459885,2634.455125
"789",793.344433,2627.231475
"790",797.118461,2677.769611
"791",799.136071,2692.921591
"792",800.48186,2757.000025
"793",823.39437,2779.21176
"794",795.78034,2680.59945
"795",801.10752,2765.494289
"796",790.171314,2759.286914
"797",792.34283,2745.43047
"798",791.93222,2729.85312
"799",859.523074,2694.677302
"800",845.577199,2663.325662
"801",839.37533,2693.699883
"802",797.139371,2729.729061
"803",847.015723,2773.909383
"804",821.85541,2647.001927
"805",829.842612,2675.963192
"806",818.308402,2594.406694
"807",843.055081,2568.375421
"808",805.334382,2551.554922
"809",807.49514,2592.10028
"810",798.277827,2532.038274
"811",809.821834,2608.192249
"812",768.42058,2706.781339
"813",750.460947,2749.764973
"814",787.969795,2709.4378
"815",755.205528,2754.179957
"816",754.463541,2786.687402
"817",790.54523,2699.604701
"818",798.958415,2773.361666
"819",795.85729,2790.88916
"820",812.785461,2688.216519
"821",803.80132,2591.061962
"822",794.95618,2684.38642
"823",846.19112,2665.612838
"824",817.14901,2732.21685
"825",796.440835,2618.196205
"826",807.968803,2666.834797
"827",787.527572,2695.757156
"828",830.59167,2633.499759
"829",799.26195,2574.78772
"830",807.8191,2670.1464616
"831",800.02203,2617.3470151
"832",793.120042,2596.488978
"833",813.045882,2585.499372
"834",810.79496,2594.064261
"835",841.097478,2619.062046
"836",826.09517,2648.780952
"837",805.134579,2601.646819
"838",832.666977,2578.133022
"839",815.66358,2688.451598
"840",858.70959,2538.645694
"841",809.451325,2626.892499
"842",803.863043,2589.107747
"843",789.350153,2703.768513
"844",805.491291,2778.785481
"845",794.411846,2814.052176
"846",802.471026,2851.422905
"847",769.761016,2779.349656
"848",801.79898,2761.94801
"849",797.95446,2851.10286
"850",791.6536,2791.30149
"851",798.50308,2781.782609
"852",808.70838,2802.057063
"853",808.28333,2850.83475
"854",827.40621,2769.20947
"855",827.12609,2778.98669
"856",797.50901,2701.6708
"857",849.93337,2729.445898
"858",798.198,2699.2618
"859",789.05561,2641.37554
"860",802.82352,2649.025553
"861",800.48269,2740.06323
"862",757.54012,2770.75776
"863",739.236831,2746.221161
"864",767.85667,2752.83995
"865",754.18402,2763.78792
"866",790.55548,2731.86228
"867",809.15981,2709.09685
"868",803.72772,2780.709373
"869",806.32361,2814.31375
"870",839.15583,2776.588758
"871",840.668181,2712.831601
"872",833.025507,2644.543396
"873",811.653123,2591.198715
"874",797.51228,2601.410235
"875",805.79114,2626.22901
"876",809.93842,2762.69156
"877",798.03364,2801.511983
"878",815.105138,2819.921631
"879",756.564479,2801.90641
"880",799.299514,2759.691569
"881",789.73685,2766.107751
"882",804.694728,2586.201766
"883",825.200312,2602.521546
"884",826.948813,2720.203053
"885",821.090387,2663.555397
"886",807.277273,2720.088523
"887",828.683803,2769.710929
"888",844.584906,2677.586712
"889",832.56118,2904.473793
"890",810.87406,2890.286436
"891",765.94935,2837.635427
"892",801.40672,2791.938417
"893",806.047969,2738.292089
"894",826.422099,2744.431909
"895",805.661845,2733.1520928
"896",802.764619,2739.664215
"897",812.944851,2830.79851
"898",818.927657,2710.382799
"899",815.66679,2603.286069
"900",809.584117,2623.4993866
"901",794.51092,2621.039778
"902",803.389471,2742.207254
"903",792.92426,2743.023214
"904",821.378175,2664.809384
"905",805.85163,2664.73219
"906",751.55962,2677.246
"907",731.67561,2636.24852
"908",739.720354,2560.606104
"909",748.727757,2607.547107
"910",801.37765,2563.661193
"911",820.042542,2695.886367
"912",773.30768,2597.389469
"913",740.796632,2630.521273
"914",756.66703,2628.171833
"915",753.43544,2578.13735
"916",748.65666,2585.19351
"917",743.35919,2554.37029
"918",803.37069,2545.90032
"919",818.499092,2592.927982
"920",841.699067,2593.646417
"921",797.78079,2602.11515
"922",808.932312,2547.166812
"923",831.314282,2583.366612
"924",832.566475,2619.797985
"925",820.10879,2599.745917
"926",802.327436,2565.430217
"927",817.3590212,2640.6597082
"928",796.859587,2634.595279
"929",797.613754,2625.135294
"930",789.02946,2571.04649
"931",788.927122,2619.624679
"932",739.468066,2692.593132
"933",778.05906,2585.46643
"934",818.41641,2648.267606
"935",790.317888,2596.400124
"936",782.9606,2548.88044
"937",797.108724,2574.035514
"938",796.70325,2553.470921
"939",818.039109,2626.913482
"940",810.0534,2531.94452
"941",803.828833,2526.469095
"942",798.981489,2576.428179
"943",807.118413,2551.510663
"944",793.54297,2588.91855
"945",822.430182,2567.14072
"946",741.22703,2588.360923
"947",747.191017,2530.36236
"948",792.357565,2571.9478
"949",850.52912,2521.352856
"950",809.003365,2587.656315
"951",846.857749,2667.165602
"952",803.378308,2548.577527
"953",808.670359,2544.400678
"954",861.25105,2585.50604
"955",795.739149,2639.51961
"956",816.29941,2637.29595
"957",812.082094,2579.707892
"958",847.0076,2744.119307
"959",807.36338,2671.00735
"960",803.37268,2664.447407
"961",797.60775,2678.127723
"962",778.82087,2670.84966
"963",764.04963,2661.51733
"964",754.67084,2710.86277
"965",752.726727,2745.533587
"966",753.33903,2688.868119
"967",784.76054,2689.350162
"968",793.62038,2676.53946
"969",800.1029,2757.50805
"970",784.14244,2604.29889
"971",825.66562,2586.90763
"972",814.47728,2685.49544
"973",808.18384,2664.304009
"974",794.218098,2709.162908
"975",804.324199,2668.009139
"976",801.34409,2694.82147
"977",798.06215,2661.569955
"978",798.40092,2610.126051
"979",807.17648,2629.08367
"980",827.97908,2622.891808
"981",823.01017,2812.019435
"982",813.71252,2783.075923
"983",791.980663,2753.547046
"984",813.127337,2699.177697
"985",813.97324,2576.1457061
"986",798.58258,2571.987117
"987",795.87247,2614.273127
"988",826.72937,2756.841189
"989",793.547887,2716.933672
"990",759.36819,2579.504965
"991",799.59712,2594.101132
"992",812.652293,2660.083819
"993",830.119219,2706.68949
"994",784.83272,2693.105279
"995",797.20453,2774.930409
"996",786.901099,2774.802019
"997",807.918945,2792.418985
"998",811.486873,2812.508923
"999",809.38169,2780.76744
"1000",774.97364,2767.158783
"1001",833.13483,2702.617903
"1002",792.861264,2740.336217
"1003",791.094986,2751.955885
"1004",778.14801,2738.664516
"1005",779.5404,2767.748961
"1006",791.043137,2757.271846
"1007",867.28928,2711.554316
"1008",848.72327,2749.281896
"1009",808.397453,2636.888165
"1010",795.66821,2574.608975
"1011",794.35821,2624.795875
"1012",818.985732,2521.85991
"1013",833.00064,2565.11335
"1014",790.34821,2668.188279
"1015",798.6724919,2671.7388729
"1016",801.9488037,2738.9450337
"1017",809.166684,2744.274384
"1018",798.6618,2745.107039
"1019",799.669905,2784.01193
"1020",774.95992,2741.518699
"1021",800.06549,2736.16747
"1022",785.997608,2815.922888
"1023",799.64243,2695.99211
"1024",784.31091,2679.718429
"1025",793.06507,2708.56406
"1026",801.20034,2714.2223
"1027",813.3511,2703.001595
"1028",798.96004,2666.271588
"1029",811.906115,2532.261664
"1030",791.213261,2691.376463
"1031",746.507015,2656.621069
"1032",753.805484,2647.028922
"1033",742.53662,2576.852296
"1034",734.49913,2574.39914
"1035",746.68042,2785.999949
"1036",733.600604,2814.675481
"1037",653.524727,2697.335823
"1038",664.39099,2691.442746
"1039",696.029566,2755.024601
"1040",737.422706,2725.364086
"1041",733.931203,2557.231344
"1042",740.783269,2608.940418
"1043",696.989623,2620.773993
"1044",691.85345,2625.041226
"1045",731.432702,2533.191394
"1046",687.53659,2588.573791
"1047",702.622915,2668.394425
"1048",706.945694,2605.941769
"1049",661.74943,2668.175188
"1050",734.45655,2643.360629
"1051",741.590868,2728.565452
"1052",746.907217,2728.050019
"1053",714.34886,2690.616544
"1054",687.106964,2721.992364
"1055",713.98471,2723.159722
"1056",718.47721,2792.294451
"1057",690.49818,2655.91782
"1058",830.74769,2643.7245036
"1059",808.19563,2639.53338
"1060",808.3838,2670.83591
"1061",842.05226,2702.99335
"1062",826.70169,2664.5533
"1063",821.48121,2716.561784
"1064",814.737136,2694.138806
"1065",812.83784,2714.48502
"1066",801.7753,2790.09042
"1067",797.813204,2779.222671
"1068",789.5378604,2750.7996384
"1069",794.41446,2712.105618
"1070",821.72488,2807.695257
"1071",801.747391,2638.411236
"1072",802.97517,2549.59832
"1073",816.093731,2430.664321
"1074",820.958952,2586.436372
"1075",804.52446,2563.547445
"1076",735.81766,2583.87086
"1077",780.25625,2579.27905
"1078",831.372517,2634.26632
"1079",817.28461,2684.901573
"1080",812.79972,2600.836272
"1081",806.335114,2532.428082
"1082",825.059964,2627.721673
"1083",809.75429,2670.643385
"1084",796.5301852,2635.6374352
"1085",835.306185,2739.849971
"1086",791.154632,2701.247619
"1087",793.6600312,2801.3497082
"1088",795.3279414,2697.9930414
"1089",796.7941964,2696.7608064
"1090",796.4514606,2616.2854106
"1091",811.276781,2635.761541
"1092",756.02732,2689.4967
"1093",816.023266,2623.033364
"1094",807.123236,2658.394871
"1095",819.174134,2691.976355
"1096",798.447748,2649.465962
"1097",817.90784,2654.04765
"1098",814.640423,2624.842648
"1099",806.980567,2680.196828
"1100",810.811434,2653.744574
"1101",822.380795,2710.447755
"1102",800.92073,2708.553875
"1103",797.56199,2728.185959
"1104",797.516629,2783.589805
"1105",750.631195,2669.964967
"1106",737.577452,2731.401957
"1107",798.768492,2644.158026
"1108",796.90525,2667.875211
"1109",791.931458,2597.242888
"1110",831.060887,2518.910477
"1111",818.218973,2537.315311
"1112",806.799623,2465.669497
"1113",801.695202,2476.172362
"1114",797.3608,2582.033172
"1115",800.515062,2567.773922
"1116",800.89291,2594.977811
"1117",816.158278,2602.758744
"1118",776.339804,2630.931608
"1119",723.490568,2665.915687
"1120",734.63027,2594.433143
"1121",673.537036,2636.830306
"1122",686.06295,2593.27161
"1123",698.93346,2608.245222
"1124",681.02342,2694.371955
"1125",681.69662,2604.22126
"1126",669.88209,2651.43756
"1127",663.518636,2677.967958
"1128",675.515762,2676.782707
"1129",692.864779,2695.580547
"1130",702.25161,2679.09304
"1131",685.19091,2653.02124
"1132",707.0958,2698.341721
"1133",699.94122,2726.62971
"1134",701.3881,2744.053112
"1135",699.84083,2775.756546
"1136",686.80395,2758.562952
"1137",686.205055,2619.670307
"1138",691.83295,2728.39071
"1139",714.91637,2747.333396
"1140",706.901165,2575.730967
"1141",708.88551,2604.956272
"1142",694.25515,2682.295472
"1143",704.1777,2743.825526
"1144",681.853309,2722.222483
"1145",696.647364,2647.4653054
"1146",753.58716,2626.366008
"1147",750.61733,2702.257531
"1148",788.35708,2550.52818
"1149",820.00769,2569.398237
"1150",807.06678,2623.034085
"1151",794.39984,2578.57796
"1152",797.84505,2566.173556
"1153",831.818293,2599.477893
"1154",816.13112,2585.195052
"1155",814.05254,2605.164345
"1156",803.83136,2646.168586
"1157",801.268759,2667.849389
"1158",806.967926,2611.23936
"1159",802.791778,2571.994348
"1160",826.232654,2617.888546
"1161",815.84177,2744.542484
"1162",805.413336,2747.718921
"1163",801.241833,2608.164343
"1164",845.71585,2567.111684
"1165",814.912688,2632.161378
"1166",811.24439,2599.846869
"1167",829.4468,2548.73919
"1168",791.12375,2652.01733
"1169",805.958153,2614.280493
"1170",836.063169,2568.107809
"1171",853.383987,2607.460347
"1172",821.00454,2555.012352
"1173",800.98135,2609.34023
"1174",799.75334,2649.05781
"1175",796.980012,2608.749932
"1176",803.49256,2609.63751
"1177",794.993992,2675.626172
"1178",816.61314,2637.98287
"1179",803.360718,2617.497888
"1180",802.822314,2664.525875
"1181",802.92692,2660.34101
"1182",787.94205,2604.84443
"1183",822.25499,2605.68158
"1184",793.407171,2608.514543
"1185",794.997319,2641.793062
"1186",801.300389,2630.257599
"1187",796.461041,2610.188901
"1188",799.12459,2566.597079
"1189",806.3921,2600.96757
"1190",823.24131,2648.879631
"1191",870.917056,2586.646751
"1192",804.731314,2558.554456
"1193",803.42336,2586.05401
"1194",779.32461,2558.597249
"1195",823.971293,2594.213923
"1196",807.118562,2649.560333
"1197",833.089819,2683.106279
"1198",808.151183,2637.724046
"1199",821.090111,2648.666723
"1200",808.753689,2533.790789
"1201",820.413705,2591.958141
"1202",804.831527,2619.132268
"1203",796.39497,2662.024612
"1204",801.142966,2614.147346
"1205",806.253895,2621.766646
"1206",824.47924,2652.703084
"1207",832.524893,2710.854564
"1208",826.88215,2698.855988
"1209",793.47988,2600.753249
"1210",796.044076,2649.276919
"1211",825.74693,2622.153561
"1212",826.99882,2606.315375
"1213",808.83278,2637.988945
"1214",738.94282,2584.288743
"1215",737.81878,2578.485413
"1216",740.180908,2606.975008
"1217",813.392066,2595.166326
"1218",794.726329,2602.081379
"1219",832.557112,2699.360772
"1220",846.324901,2661.446573
"1221",811.457001,2653.727591
"1222",818.938611,2685.417931
"1223",798.85578,2703.31683
"1224",799.68451,2707.2724
"1225",806.5707,2613.24986
"1226",785.749812,2670.429322
"1227",803.074792,2691.739633
"1228",808.00329,2709.10656
"1229",783.561667,2756.157077
"1230",809.049533,2781.850849
"1231",811.292816,2756.300825
"1232",793.282687,2605.611437
"1233",818.498092,2663.7458117
"1234",809.095422,2669.66989
"1235",789.21382,2757.180146
"1236",802.957935,2770.246865
"1237",824.0283469,2756.0995499
"1238",808.584452,2641.891023
"1239",811.108808,2747.263908
"1240",802.161816,2670.656942
"1241",805.55228,2589.095915
"1242",823.942396,2604.59553
"1243",778.754562,2814.226862
"1244",797.068163,2842.564133
"1245",834.055852,2747.597762
"1246",847.713454,2712.027544
"1247",818.670175,2726.063797
"1248",803.162674,2736.011277
"1249",801.981919,2872.30462
"1250",801.919471,2725.422855
"1251",803.537389,2845.248959
"1252",808.833794,2710.566221
"1253",818.884872,2770.440073
"1254",742.189477,2746.397657
"1255",743.396911,2680.938021
"1256",759.142699,2797.260706
"1257",789.929213,2745.342573
"1258",805.716269,2684.074694
"1259",805.487343,2723.643133
"1260",781.007573,2753.314818
"1261",751.807291,2707.195503
"1262",740.633919,2717.619734
"1263",789.60356,2749.341627
"1264",796.19468,2884.333341
"1265",741.673027,2762.700337
"1266",742.1297,2768.96401
"1267",790.598143,2731.555675
"1268",773.913536,2705.545761
"1269",803.137212,2617.799987
"1270",793.872705,2627.439985
"1271",786.651732,2606.941512
"1272",819.359569,2688.3366
"1273",785.793961,2683.283181
"1274",808.18699,2600.77112
"1275",800.80919,2671.69731
"1276",793.83261,2609.67273
"1277",797.486168,2643.194778
"1278",799.213512,2647.694312
"1279",814.993359,2697.687328
"1280",795.506117,2676.943417
"1281",817.905332,2804.226922
"1282",805.646405,2784.341157
"1283",808.540967,2790.371131
"1284",794.90952,2659.30194
"1285",797.34488,2616.61284
"1286",800.02435,2649.91182
"1287",757.710551,2620.762551
"1288",766.14742,2680.23499
"1289",734.78885,2632.263961
"1290",820.00373,2599.542797
"1291",827.263339,2616.429509
"1292",830.06868,2575.37778
"1293",806.47502,2735.690522
"1294",851.78306,2769.74212
"1295",819.74142,2734.627839
"1296",801.06729,2735.67475
"1297",827.94503,2695.175703
"1298",776.94719,2814.272111
"1299",730.46651,2806.29666
"1300",801.39188,2647.88607
"1301",807.50687,2664.6783
"1302",831.6055,2606.90838
"1303",829.347395,2683.242665
"1304",829.752353,2639.284012
"1305",752.837257,2693.008397
"1306",806.503352,2626.457252
"1307",800.301018,2677.472705
"1308",811.26556,2647.077266
"1309",798.980381,2624.4711095
"1310",783.84908,2499.198273
"1311",803.533478,2556.215055
"1312",765.61564,2571.797958
"1313",820.35331,2667.292038
"1314",796.558346,2626.4762637
"1315",795.886244,2578.988408
"1316",745.13358,2670.527996
"1317",746.73217,2667.873539
"1318",797.1355,2752.186008
"1319",826.99897,2655.235087
"1320",791.03755,2661.269247
"1321",810.85601,2653.792402
"1322",815.557506,2650.455952
"1323",785.75769,2637.172596
"1324",806.5907,2653.014972
"1325",796.560227,2607.117902
"1326",833.078014,2675.515196
"1327",794.21211,2586.788258
"1328",810.194078,2609.224295
"1329",837.45835,2596.721006
"1330",805.554007,2695.954794
"1331",801.175144,2774.650324
"1332",796.757766,2649.37195
"1333",805.28876,2565.129652
"1334",806.45475,2596.77187
"1335",797.476504,2535.652707
"1336",803.048733,2539.478283
"1337",806.957219,2591.5531598
"1338",788.122112,2576.475263
"1339",824.53954,2585.49068
"1340",799.415764,2561.220744
"1341",785.82348,2576.0342
"1342",808.22831,2637.99604
"1343",808.851599,2642.014701
"1344",812.07971,2654.316994
"1345",798.95545,2660.784116
"1346",824.661052,2720.154992
"1347",813.98531,2681.789635
"1348",806.083983,2710.114983
"1349",805.406325,2583.764273
"1350",794.01092,2614.926542
"1351",801.92636,2659.206322
"1352",799.695034,2643.143978
"1353",793.820901,2646.171271
"1354",820.411909,2660.402849
"1355",797.537989,2680.022559
"1356",795.05166,2723.837393
"1357",798.446314,2704.644954
"1358",823.59153,2724.138902
"1359",809.06148,2680.711207
"1360",798.89531,2723.55723
"1361",807.80755,2719.165539
"1362",810.98233,2695.688288
"1363",810.08134,2598.511405
"1364",798.92044,2729.547117
"1365",817.126699,2594.446037
"1366",796.545996,2543.093291
"1367",795.60788,2627.33517
"1368",805.41129,2532.496069
"1369",805.02238,2580.33061
"1370",804.27398,2554.340209
"1371",799.36571,2522.506783
"1372",779.329445,2579.344915
"1373",795.600759,2604.785602
"1374",797.555368,2637.771884
"1375",798.926418,2584.511186
"1376",832.446833,2587.275933
"1377",796.34546,2582.288032
"1378",800.150808,2590.9376751
"1379",809.737036,2605.966653
"1380",803.717511,2586.459342
"1381",816.927446,2511.40796
"1382",824.702522,2571.646207
"1383",871.376113,2588.319897
"1384",844.750225,2601.0273
"1385",848.833451,2702.955341
"1386",813.395146,2810.580982
"1387",823.286651,2786.111801
"1388",815.0146,2761.555994
"1389",818.2410466,2733.1747266
"1390",802.166877,2661.380837
"1391",819.59423,2549.952136
"1392",814.842686,2582.2234653
"1393",837.23184,2576.4073862
"1394",850.55625,2557.264931
"1395",846.642395,2605.468141
"1396",857.000617,2647.975377
"1397",851.585054,2709.140254
"1398",837.72771,2690.591093
"1399",823.760649,2773.698301
"1400",804.035287,2751.44217
"1401",800.27341,2697.38189
"1402",798.415153,2678.78528
"1403",793.78165,2729.084142
"1404",800.381975,2701.682968
"1405",799.781117,2718.5273414
"1406",814.980036,2707.190317
"1407",809.15399,2675.610612
"1408",824.899689,2654.9583605
"1409",806.717916,2675.293876
"1410",850.580061,2739.137261
"1411",781.688762,2689.091707
"1412",833.064489,2821.314338
"1413",795.495806,2639.506023
"1414",822.5867,2600.610458
"1415",829.704999,2564.162339
"1416",799.02475,2598.08571
"1417",791.76913,2544.512652
"1418",808.13471,2561.933147
"1419",827.41902,2708.873086
"1420",841.94008,2752.54252
"1421",881.55821,2726.594876
"1422",888.261341,2794.580778
"1423",840.969394,2637.802795
"1424",794.79076,2672.910284
"1425",801.410822,2701.760408
"1426",774.601429,2807.280129
"1427",799.50766,2732.78554
"1428",803.3069,2760.6940259
"1429",754.71712,2640.417082
"1430",743.2317045,2633.5366045
"1431",740.670459,2588.864185
"1432",768.59494,2701.02962
"1433",737.003718,2750.709338
"1434",742.590098,2749.785559
"1435",754.808891,2751.349641
"1436",780.16522,2620.807216
"1437",809.89119,2555.85536
"1438",838.73337,2590.907033
"1439",803.574324,2544.366546
"1440",781.29027,2576.726826
"1441",773.233077,2589.833797
"1442",840.430967,2529.415837
"1443",798.3112,2674.745
"1444",803.45089,2561.082626
"1445",832.85111,2630.879971
"1446",831.86685,2618.271247
"1447",755.950749,2594.367099
"1448",771.68587,2643.236693
"1449",802.515796,2631.823669
"1450",799.655188,2615.295598
"1451",791.348568,2588.326021
"1452",805.506995,2627.586705
"1453",793.784091,2698.156811
"1454",805.424789,2874.654949
"1455",809.70699,2760.47299
"1456",808.20118,2723.8668
"1457",827.401959,2695.932889
"1458",811.86522,2710.4845
"1459",798.669593,2667.861883
"1460",770.28423,2739.87129
"1461",826.59302,2699.99212
"1462",793.38188,2679.32889
"1463",776.51589,2669.61092
"1464",813.27836,2682.0881
"1465",798.96938,2765.00901
"1466",825.08418,2758.652674
"1467",793.58356,2799.932255
"1468",797.67872,2741.02381
"1469",764.623194,2768.337406
"1470",757.049902,2758.830182
"1471",763.55533,2726.06368
"1472",829.67194,2645.92283
"1473",781.31876,2679.87906
"1474",810.29875,2749.64364
"1475",784.50716,2746.246878
"1476",816.921368,2766.26582
"1477",795.423773,2713.430173
"1478",796.592606,2719.280473
"1479",809.171782,2687.1910554
"1480",805.9134,2676.309585
"1481",803.909824,2674.232657
"1482",800.09397,2706.747156
"1483",801.026487,2672.839577
"1484",810.001159,2723.032896
"1485",791.009362,2602.172903
"1486",791.697629,2574.507203
"1487",798.702439,2635.131236
"1488",796.92488,2602.601003
"1489",771.122248,2571.716078
"1490",775.54766,2606.216279
"1491",803.053021,2589.628225
"1492",797.99709,2572.348124
"1493",794.73826,2620.192792
"1494",801.456816,2644.063976
"1495",798.459612,2568.094242
"1496",799.86331,2618.315946
"1497",820.48387,2651.403498
"1498",778.35662,2658.468577
"1499",802.703379,2637.914969
"1500",810.278765,2733.461386
"1501",819.488013,2733.158199
"1502",803.523397,2711.111687
"1503",799.8171,2725.94096
"1504",816.60463,2680.99492
"1505",807.0038,2663.270445
"1506",796.382943,2587.224881
"1507",801.94744,2624.84841
"1508",842.17766,2693.034826
"1509",796.61443,2675.952805
"1510",795.54942,2633.50155
"1511",813.35931,2624.20438
"1512",801.678816,2608.273397
"1513",800.007963,2552.974004
"1514",802.192222,2544.103763
"1515",805.061653,2632.544962
"1516",788.429424,2741.464075
"1517",799.385029,2748.545332
"1518",807.84857,2740.551501
"1519",799.30538,2778.243895
"1520",796.2482,2589.215275
"1521",800.58703,2542.80712
"1522",799.00591,2596.187885
"1523",802.728638,2593.904428
"1524",799.12652,2588.50126
"1525",790.497161,2596.018021
"1526",814.985616,2610.424396
"1527",806.484114,2520.320164
"1528",819.067099,2501.497479
"1529",792.30744,2602.84274
"1530",815.112857,2593.882125
"1531",807.26796,2680.22447
"1532",828.076959,2738.874987
"1533",800.947866,2758.468343
"1534",804.21783,2767.230578
"1535",804.69253,2630.009584
"1536",795.99115,2633.80441
"1537",835.0824,2620.65511
"1538",834.7925,2608.544576
"1539",791.775694,2614.236882
"1540",823.764784,2660.455055
"1541",745.34319,2768.745515
"1542",797.49111,2716.36593
"1543",805.99511,2643.18814
"1544",810.03428,2677.67576
"1545",741.69399,2608.69245
"1546",815.79433,2613.62417
"1547",769.91462,2581.46091
"1548",795.64485,2589.23598
"1549",786.31986,2603.1179
"1550",816.37769,2597.89106
"1551",800.58207,2644.5375
"1552",800.68878,2616.3653
"1553",810.405301,2601.101451
"1554",842.00854,2665.747789
"1555",795.176972,2630.307789
"1556",795.145673,2679.647203
"1557",792.94335,2647.415802
"1558",821.424541,2695.735188
"1559",825.204513,2710.343753
"1560",817.511458,2613.406609
"1561",802.349452,2579.747515
"1562",851.15865,2646.81476
"1563",841.07205,2591.069351
"1564",853.05647,2633.880253
"1565",845.634095,2623.894605
"1566",817.055592,2594.160582
"1567",805.15578,2681.908317
"1568",809.399843,2666.714052
"1569",803.27148,2626.198057
"1570",797.25561,2663.664377
"1571",808.0861,2587.050846
"1572",792.471971,2622.785646
"1573",805.07839,2635.448354
"1574",794.60614,2673.458079
"1575",811.00633,2684.12637
"1576",790.274715,2695.120625
"1577",806.717306,2662.564016
"1578",802.702676,2644.946854
"1579",802.936045,2657.761871
"1580",839.45917,2651.621236
"1581",788.746922,2651.420665
"1582",798.40617,2664.36122
"1583",774.587423,2654.902073
"1584",789.295249,2623.896445
"1585",848.087018,2726.810626
"1586",796.034187,2642.167793
"1587",858.67325,2654.657363
"1588",854.56689,2605.29591
"1589",832.12369,2583.917735
"1590",828.05353,2562.73226
"1591",797.22564,2638.53845
"1592",780.80079,2710.88991
"1593",804.45727,2665.778872
"1594",824.52784,2619.886724
"1595",795.430522,2611.040152
"1596",795.521782,2616.756009
"1597",804.73129,2656.891874
"1598",864.594095,2703.123993
"1599",833.834192,2624.942994
"1600",812.640642,2646.593958
"1601",809.20219,2615.507249
"1602",818.92512,2663.9042
"1603",823.470126,2653.368196
"1604",837.1768,2574.056395
"1605",798.693092,2594.927605
"1606",763.286755,2541.799195
"1607",752.07457,2550.38964
"1608",783.49178,2566.463965
"1609",786.522479,2503.3580719
"1610",782.293558,2632.383761
"1611",809.481717,2673.759857
"1612",772.358003,2649.528646
"1613",810.358606,2662.513906
"1614",783.039888,2594.548182
"1615",817.811259,2639.05345
"1616",773.492889,2675.747549
"1617",802.684957,2678.597341
"1618",813.971016,2701.39797
"1619",848.07833,2550.64633
"1620",813.44107,2609.6417505
"1621",822.688985,2558.500315
"1622",820.5605,2622.66814
"1623",823.849262,2689.679492
"1624",824.846742,2813.549703
"1625",831.560111,2647.527438
"1626",752.362711,2579.000866
"1627",781.41719,2564.605841
"1628",793.992221,2662.867451
"1629",775.47614,2574.824223
"1630",746.16744,2752.418291
"1631",741.445246,2711.203739
"1632",735.921176,2759.914853
"1633",797.27207,2746.16669
"1634",793.98452,2721.005483
"1635",813.681884,2657.357825
"1636",801.12442,2716.71029
"1637",807.398554,2622.436899
"1638",794.857059,2633.442739
"1639",783.01344,2624.783005
"1640",789.67243,2630.32726
"1641",799.438252,2731.644775
"1642",797.10969,2699.590542
"1643",790.62955,2652.821749
"1644",802.722651,2665.536381
"1645",843.153881,2767.012746
"1646",792.884382,2688.077937
"1647",804.951952,2785.000862
"1648",796.170118,2754.575758
"1649",813.352932,2723.101542
"1650",834.729072,2729.927712
"1651",815.069271,2636.467634
"1652",814.323877,2612.517877
"1653",837.08244,2689.42407
"1654",855.61693,2729.036216
"1655",807.135924,2775.084704
"1656",806.374952,2740.211746
"1657",808.212401,2671.033931
"1658",818.46155,2641.342384
"1659",802.888506,2569.603586
"1660",824.73607,2571.64607
"1661",802.09614,2648.320228
"1662",844.84965,2615.096503
"1663",830.3164356,2664.7255256
"1664",807.453046,2610.2255
"1665",798.500249,2617.768331
"1666",816.97649,2660.08693
"1667",786.33676,2571.56439
"1668",792.48349,2590.69707
"1669",802.151474,2548.599874
"1670",812.1371,2569.20696
"1671",804.719903,2573.360394
"1672",788.75412,2614.11365
"1673",804.354852,2611.750402
"1674",818.88576,2665.37009
"1675",842.290458,2661.236958
"1676",823.119431,2655.946121
"1677",857.77893,2566.75979
"1678",836.30486,2513.227327
"1679",795.51491,2561.67539
"1680",806.14129,2704.0899
"1681",801.26629,2613.41342
"1682",857.332245,2597.905904
"1683",823.900458,2625.559444
"1684",753.319734,2623.448344
"1685",771.603707,2670.322556
"1686",798.701448,2693.839925
"1687",747.4029,2700.5657462
"1688",744.80519,2673.54782
"1689",796.920071,2650.74242
"1690",805.244471,2641.885461
"1691",811.67335,2648.91329
"1692",802.19201,2739.305059
"1693",801.460532,2705.946216
"1694",794.6653213,2666.5390513
"1695",804.59001,2741.62411
"1696",807.01844,2673.63639
"1697",798.896805,2695.112569
"1698",794.36555,2680.21778
"1699",813.283802,2638.977279
"1700",808.836307,2685.152266
"1701",795.88831,2626.113104
"1702",809.53062,2668.382102
"1703",739.36333,2653.127894
"1704",741.12729,2652.464905
"1705",765.07893,2589.183446
"1706",803.43556,2617.517163
"1707",804.016437,2600.365217
"1708",798.7063582,2584.9374652
"1709",790.77705,2646.09794
"1710",795.333529,2600.699531
"1711",796.76667,2578.499678
"1712",801.33329,2627.362753
"1713",801.68298,2670.09024
"1714",804.70647,2616.529495
"1715",803.22256,2626.508958
"1716",763.51936,2671.024423
"1717",775.44952,2784.398646
"1718",753.24008,2657.205743
"1719",798.73271,2606.8092
"1720",805.34075,2694.614076
"1721",806.980419,2662.229167
"1722",814.098988,2688.983038
"1723",806.45896,2638.6358
"1724",800.6941,2771.65002
"1725",801.32567,2718.44423
"1726",798.43223,2696.84765
"1727",796.54192,2669.68437
"1728",798.564954,2593.635504
"1729",802.68774,2690.757105
"1730",794.69977,2686.702733
"1731",799.0466,2778.802877
"1732",813.03976,2773.75871
"1733",788.630901,2717.907287
"1734",805.25379,2613.663292
"1735",812.07259,2599.959354
"1736",811.63942,2573.42779
"1737",823.24072,2604.763949
"1738",823.14144,2576.42232
"1739",804.766028,2690.344618
"1740",795.313157,2659.205097
"1741",794.687955,2630.126775
"1742",816.629496,2708.156716
"1743",794.93584,2692.032288
"1744",793.912479,2633.659413
"1745",823.21418,2672.181163
"1746",795.20785,2705.956638
"1747",830.69677,2683.835166
"1748",798.12391,2656.685532
"1749",790.04054,2636.6659
"1750",810.48068,2643.458629
"1751",813.262941,2642.440461
"1752",804.12618,2632.97973
"1753",808.7871,2613.873127
"1754",810.887108,2618.001998
"1755",794.865478,2739.700304
"1756",805.589117,2723.038546
"1757",738.121725,2736.029774
"1758",748.710096,2709.119136
"1759",802.516466,2741.94172
"1760",748.17448,2730.719506
"1761",746.87843,2741.741741
"1762",764.584677,2734.627605
"1763",795.895689,2695.310385
"1764",803.530749,2663.744885
"1765",826.45342,2671.986734
"1766",797.85358,2602.754518
"1767",843.789534,2647.743194
"1768",790.799125,2660.701865
"1769",783.008094,2874.673294
"1770",801.448495,2916.435132
"1771",796.346913,2835.266103
"1772",769.258339,2742.053849
"1773",848.17471,2653.13304
"1774",847.2819,2780.828894
"1775",833.004746,2732.901965
"1776",868.284261,2759.615413
"1777",857.652033,2872.421736
"1778",856.6826705,2839.7864505
"1779",869.821168,2874.261678
"1780",861.27812,2812.84788
"1781",838.9976,2826.08538
"1782",861.7309,2851.329297
"1783",853.337481,2785.002042
"1784",822.648159,2660.926413
"1785",813.86396,2638.928708
"1786",805.628754,2771.269637
"1787",820.774412,2667.214434
"1788",791.632048,2652.020168
"1789",824.9364282,2766.7645282
"1790",813.046708,2597.04721
"1791",785.761884,2609.056463
"1792",796.6771,2575.058396
"1793",782.792374,2584.428144
"1794",753.993231,2599.729274
"1795",820.413215,2608.151793
"1796",798.483325,2586.258705
"1797",810.805297,2620.146452
"1798",793.597787,2669.684547
"1799",809.700195,2606.543636
"1800",796.256627,2542.790354
"1801",781.722667,2612.869197
"1802",801.329624,2679.467977
"1803",780.659093,2650.474506
"1804",745.433333,2742.9010202
"1805",799.294369,2785.925911
"1806",811.860232,2784.960452
"1807",808.132925,2823.294185
"1808",824.585053,2734.113613
"1809",838.068615,2682.802105
"1810",813.689085,2557.74455
"1811",738.014299,2483.912064
"1812",728.809326,2516.268564
"1813",682.93859,2608.91847
"1814",741.527747,2607.563427
"1815",740.10798,2633.47305
"1816",754.9621,2645.25583
"1817",827.13801,2557.3395
"1818",836.51827,2563.97125
"1819",820.72584,2650.65631
"1820",820.52155,2753.33423
"1821",795.86119,2642.20032
"1822",802.10312,2668.057304
"1823",801.8616,2587.46861
"1824",799.180347,2523.664758
"1825",745.25272,2603.34563
"1826",797.95598,2653.31006
"1827",803.086596,2627.586684
"1828",777.917823,2524.989548
"1829",794.498771,2555.424522
"1830",753.682129,2529.700274
"1831",738.771909,2728.424693
"1832",800.481566,2712.042251
"1833",812.903524,2716.616925
"1834",788.97479,2811.773636
"1835",832.6917,2812.166293
"1836",788.92637,2764.529832
"1837",805.78223,2800.24902
"1838",811.79617,2798.92608
"1839",832.222515,2683.932678
"1840",756.213863,2632.834673
"1841",699.50088,2564.006919
"1842",697.690321,2638.699417
"1843",675.11051,2631.7779
"1844",689.239775,2582.43325
"1845",694.13459,2564.04187
"1846",719.507455,2749.255445
"1847",691.16784,2725.70321
"1848",689.439977,2772.589827
"1849",688.246875,2771.828035
"1850",711.125681,2722.431701
"1851",694.801381,2714.063877
"1852",776.851698,2704.638138
"1853",748.627584,2683.953074
"1854",713.561976,2640.464936
"1855",685.409845,2752.086825
"1856",739.74346,2648.55277
"1857",744.116131,2695.758623
"1858",740.124025,2712.219085
"1859",735.1491,2766.18141
"1860",754.55247,2670.55733
"1861",784.017081,2645.094411
"1862",802.967033,2655.352283
"1863",816.36494,2628.42268
"1864",846.31891,2581.313283
"1865",823.3129,2569.869456
"1866",833.773122,2598.547231
"1867",794.480832,2544.820193
"1868",798.261448,2646.584228
"1869",791.67696,2739.54686
"1870",803.09659,2716.830523
"1871",764.009695,2748.156995
"1872",730.431405,2763.922981
"1873",733.890624,2725.639054
"1874",753.449036,2696.409136
"1875",760.378001,2716.195021
"1876",793.56474,2748.79843
"1877",814.621384,2750.753514
"1878",807.520185,2767.454555
"1879",817.18844,2666.721934
"1880",781.619069,2780.538934
"1881",827.79976,2720.921779
"1882",794.13539,2665.09901
"1883",794.92491,2684.271496
"1884",777.9373,2706.276101
"1885",792.425252,2610.608499
"1886",809.873213,2561.731503
"1887",738.535421,2597.410291
"1888",743.93855,2760.68528
"1889",736.599707,2838.0575
"1890",749.155074,2724.822626
"1891",733.937795,2795.354329
"1892",772.534864,2716.59766
"1893",771.042486,2608.866145
"1894",789.11955,2661.159875
"1895",735.5784,2731.91751
"1896",815.11587,2730.62802
"1897",775.40556,2698.964133
"1898",795.76276,2727.74422
"1899",799.39869,2791.087038
"1900",806.606882,2706.688973
"1901",821.291922,2615.382479
"1902",801.630164,2563.909344
"1903",812.81465,2584.4025
"1904",839.75081,2592.43459
"1905",838.35398,2660.83172
"1906",740.89741,2543.387784
"1907",808.7055,2601.0977
"1908",826.737911,2657.184779
"1909",855.995015,2611.504005
"1910",750.365687,2531.851587
"1911",739.37214,2531.984428
"1912",737.23942,2588.32476
"1913",731.77684,2599.20717
"1914",767.03382,2595.130279
"1915",752.096672,2654.875282
"1916",746.70879,2605.3709274
"1917",647.858802,2616.119013
"1918",706.748492,2598.278016
"1919",675.747585,2670.626511
"1920",691.519095,2554.207053
"1921",745.506247,2600.398567
"1922",787.263906,2585.475142
"1923",777.307911,2575.849395
"1924",800.516888,2610.420553
"1925",805.826407,2575.597632
"1926",828.202233,2635.257213
"1927",810.6451111,2611.4861911
"1928",827.11817,2662.71158
"1929",794.12738,2654.111086
"1930",796.42243,2580.600118
"1931",839.84217,2675.64633
"1932",824.48006,2651.90785
"1933",809.16935,2594.94644
"1934",807.82999,2759.73349
"1935",848.97088,2792.008693
"1936",837.170975,2748.711382
"1937",831.819962,2716.049733
"1938",796.56519,2695.74311
"1939",806.16967,2685.977521
"1940",807.653571,2661.240461
"1941",796.89829,2664.890443
"1942",799.535111,2595.1335857
"1943",801.29247,2642.50376
"1944",806.947672,2652.363439
"1945",818.920822,2652.6335855
"1946",791.851196,2584.13901
"1947",792.427154,2627.8564799
"1948",756.67844,2739.20569
"1949",781.09091,2617.55248
"1950",804.242334,2617.493854
"1951",803.632219,2573.666553
"1952",800.471822,2565.309163
"1953",795.372555,2515.662098
"1954",751.391414,2535.100277
"1955",758.161708,2590.035158
"1956",770.812944,2593.698717
"1957",795.229369,2660.120026
"1958",798.572078,2621.451179
"1959",795.566226,2674.673976
"1960",748.229474,2615.774751
"1961",797.81106,2540.052001
"1962",810.68182,2666.588734
"1963",851.86918,2756.359768
"1964",792.435192,2632.313463
"1965",811.87248,2627.263966
"1966",826.9855237,2546.6378177
"1967",811.667719,2690.136964
"1968",797.988509,2688.910348
"1969",844.125109,2641.643746
"1970",887.793217,2680.809306
"1971",858.789992,2603.777882
"1972",874.140802,2761.308486
"1973",836.675883,2738.306104
"1974",801.597455,2715.247026
"1975",804.71917,2726.554402
"1976",816.59528,2727.412466
"1977",793.60883,2644.83907
"1978",804.863493,2641.452681
"1979",792.65415,2677.623922
"1980",839.40746,2631.110055
"1981",836.816781,2647.547601
"1982",790.40719,2452.776931
"1983",809.478563,2456.034733
"1984",796.344238,2550.765683
"1985",830.89611,2659.577046
"1986",799.419462,2613.238268
"1987",798.12065,2606.49816
"1988",804.55833,2755.40426
"1989",773.39067,2755.55886
"1990",729.87251,2804.77662
"1991",818.296802,2798.792762
"1992",842.201437,2771.045217
"1993",829.391462,2786.589148
"1994",802.570442,2771.709212
"1995",829.3529846,2780.7910516
"1996",811.98373,2761.374693
"1997",794.40123,2761.4856
"1998",814.05277,2802.302333
"1999",804.167922,2720.241092
"2000",798.69186,2679.40598
"2001",805.01192,2704.734513
"2002",792.06868,2760.43681
"2003",818.67697,2635.930573
"2004",699.561365,2561.560499
"2005",728.03383,2562.48482
"2006",675.524234,2594.999318
"2007",698.57492,2579.085944
"2008",685.570058,2539.787226
"2009",682.94112,2562.644302
"2010",692.05044,2589.564161
"2011",698.3783736,2616.3400036
"2012",701.72002,2681.387871
"2013",698.83824,2637.983778
"2014",697.23025,2617.25523
"2015",681.329542,2623.886792
"2016",698.36689,2612.289792
"2017",675.765662,2651.262522
"2018",689.478473,2650.008199
"2019",676.530348,2647.515907
"2020",709.271263,2711.750523
"2021",716.073107,2658.671787
"2022",684.867688,2688.686862
"2023",678.94667,2592.065718
"2024",662.038446,2576.852336
"2025",683.823158,2661.087698
"2026",701.18817,2667.50395
"2027",693.968557,2656.357817
"2028",683.289224,2730.470024
"2029",698.103967,2729.681261
"2030",654.217111,2669.194673
"2031",707.29507,2738.383908
"2032",694.627902,2787.656395
"2033",696.79545,2706.607837
"2034",737.462184,2691.216641
"2035",731.674231,2700.96418595
"2036",702.752459,2692.682219
"2037",699.41963,2707.215036
"2038",733.14662,2661.56735
"2039",751.591131,2627.249718
"2040",677.099503,2659.775983
"2041",709.07718,2608.34764
"2042",684.871249,2604.787434
"2043",728.010812,2659.153472
"2044",740.051365,2689.419454
"2045",739.491954,2745.005058
"2046",756.4504,2636.101166
"2047",754.19119,2666.73554
"2048",745.93568,2647.99658
"2049",740.25701,2659.22511
"2050",753.45436,2648.71551
"2051",754.999994,2596.913617
"2052",759.33512,2651.072437
"2053",790.91074,2682.31559
"2054",743.981548,2704.069278
"2055",737.607283,2665.371386
"2056",722.072832,2621.573732
"2057",719.58524,2610.1033
"2058",740.112728,2613.455964
"2059",695.706283,2591.220299
"2060",684.12057,2632.862427
"2061",698.615771,2633.1084663
"2062",677.114846,2643.936326
"2063",702.787103,2625.715783
"2064",642.890279,2656.514699
"2065",677.85798,2709.42887
"2066",673.789054,2694.170064
"2067",676.546929,2584.367483
"2068",654.094083,2572.42305
"2069",674.683537,2540.000309
"2070",694.30827,2508.03934
"2071",687.383896,2606.430436
"2072",691.680858,2593.79786
"2073",698.056659,2697.420493
"2074",691.427656,2641.28858
"2075",682.22749,2699.231024
"2076",700.260189,2633.298929
"2077",729.96482,2591.76488
"2078",742.35853,2592.82244
"2079",712.106078,2589.683168
"2080",735.404213,2652.408503
"2081",750.93074,2612.443545
"2082",786.79953,2574.816331
"2083",768.960364,2620.285895
"2084",753.978814,2553.655434
"2085",706.9949,2568.401177
"2086",694.86123,2613.03474
"2087",636.58471,2555.998815
"2088",687.951348,2628.3435
"2089",759.255035,2691.371067
"2090",825.877916,2573.074196
"2091",798.224952,2607.970652
"2092",806.783237,2614.035551
"2093",808.22759,2649.15864
"2094",801.2715,2647.724699
"2095",798.447212,2637.670688
"2096",811.05787,2706.565978
"2097",808.01034,2709.194078
"2098",798.834,2677.10558
"2099",837.964018,2658.612171
"2100",866.032522,2679.898882
"2101",828.78819,2799.995955
"2102",841.15975,2808.224656
"2103",839.96122,2735.879686
"2104",808.85342,2715.423761
"2105",802.2572,2724.774778
"2106",852.77061,2795.807328
"2107",834.6583,2763.435039
"2108",797.277707,2670.534846
"2109",804.50882,2746.338836
"2110",796.471117,2721.190222
"2111",809.180533,2598.373622
"2112",789.16519,2616.045412
"2113",809.664348,2723.950263
"2114",802.6623372,2610.1597982
"2115",784.15196,2640.821209
"2116",823.562898,2614.768858
"2117",809.194705,2674.935225
"2118",826.175361,2686.691119
"2119",867.81304,2599.134353
"2120",787.926041,2572.049419
"2121",796.466496,2659.095574
"2122",800.33845,2653.68879
"2123",791.170869,2683.947601
"2124",769.058471,2739.197502
"2125",836.82314,2571.437807
"2126",807.03338,2558.41795
"2127",805.68719,2597.964111
"2128",805.51355,2604.15818
"2129",798.4174,2680.157434
"2130",805.55394,2745.203795
"2131",819.185173,2671.009855
"2132",803.570848,2714.793468
"2133",809.684309,2612.784779
"2134",792.269425,2689.333031
"2135",819.540476,2655.265476
"2136",814.7102242,2692.8087692
"2137",825.267897,2645.308827
"2138",840.278964,2626.976889
"2139",800.6431208,2743.5889738
"2140",823.829545,2708.882215
"2141",739.004972,2735.275909
"2142",808.677746,2737.09639
"2143",805.4543158,2650.5268588
"2144",796.138891,2637.530039
"2145",800.3153,2700.907405
"2146",769.568993,2677.907738
"2147",748.33387,2620.739462
"2148",801.45672,2696.300903
"2149",800.480125,2549.933656
"2150",805.699673,2540.614323
"2151",803.08369,2531.792218
"2152",792.65451,2501.50751
"2153",801.952449,2590.938119
"2154",797.11008,2600.87785
"2155",807.639474,2649.344614
"2156",862.420471,2706.1907501
"2157",813.861147,2599.819774
"2158",805.682857,2726.039977
"2159",833.70956,2643.585559
"2160",804.292124,2696.566071
"2161",825.8882863,2620.5449133
"2162",808.5411625,2606.3984185
"2163",809.6335818,2579.9581718
"2164",810.787019,2617.772621
"2165",816.58457,2609.714646
"2166",813.60597,2662.345865
"2167",793.75598,2590.1213
"2168",793.002044,2639.683252
"2169",785.694811,2611.118972
"2170",799.43741,2690.748829
"2171",787.583791,2686.44259
"2172",809.911357,2682.18318
"2173",793.1811,2735.115422
"2174",842.49974,2772.738946
"2175",820.592605,2776.303637
"2176",806.935405,2603.276903
"2177",795.1167,2576.25913
"2178",806.5845,2575.140444
"2179",795.81837,2614.505094
"2180",774.6255,2636.32184
"2181",798.08576,2576.725262
"2182",828.054064,2597.538647
"2183",813.455403,2575.75624
"2184",796.16624,2574.65783
"2185",776.93173,2581.797802
"2186",804.813675,2662.636498
"2187",797.16924,2730.645929
"2188",747.71231,2710.962445
"2189",793.55533,2679.235734
"2190",809.36776,2611.107291
"2191",808.38701,2693.662176
"2192",807.10782,2679.348811
"2193",760.130762,2603.828242
"2194",778.457577,2706.042657
"2195",820.647706,2671.595786
"2196",827.312615,2746.924315
"2197",798.17577,2751.20248
"2198",801.40852,2735.45543
"2199",792.52234,2643.7399
"2200",766.227551,2637.767061
"2201",790.84413,2665.22565
"2202",851.11298,2615.8063
"2203",819.67196,2699.02117
"2204",801.575696,2680.133413
"2205",825.319145,2706.71629
"2206",839.958718,2710.011787
"2207",803.03006,2715.877232
"2208",743.443716,2723.073721
"2209",812.521077,2697.781714
"2210",811.191508,2699.497449
"2211",822.21764,2692.18803
"2212",826.41914,2692.7512
"2213",799.75229,2781.09133
"2214",820.326636,2793.766976
"2215",784.732456,2705.480477
"2216",791.440657,2721.261825
"2217",775.4651135,2749.7084565
"2218",805.642533,2841.220673
"2219",794.69836,2744.771414
"2220",802.01796,2734.419323
"2221",789.67229,2656.81299
"2222",797.0571,2619.52289
"2223",804.67858,2675.73486
"2224",807.364,2598.798845
"2225",825.40161,2667.088026
"2226",800.31838,2659.294128
"2227",817.29712,2607.809462
"2228",799.58261,2577.248885
"2229",814.895858,2565.471932
"2230",801.65599,2561.68829
"2231",804.866741,2549.816071
"2232",795.22253,2600.3454
"2233",799.36157,2614.26673
"2234",793.52707,2643.34888
"2235",793.711795,2622.661799
"2236",799.288185,2623.80191
"2237",787.455025,2651.582612
"2238",813.896343,2642.292372
"2239",809.41178,2591.17588
"2240",803.052214,2628.632754
"2241",810.69281,2644.28999
"2242",797.366575,2648.302347
"2243",840.191197,2655.021753
"2244",804.50644,2620.21225
"2245",807.187488,2659.813138
"2246",803.59965,2681.802211
"2247",787.916033,2699.394344
"2248",805.437865,2681.988954
"2249",800.079957,2687.105626
"2250",786.5527915,2612.5913015
"2251",820.759982,2625.159052
"2252",800.49181,2688.09396
"2253",803.67913,2671.615798
"2254",821.10522,2680.78805
"2255",824.761913,2672.717053
"2256",826.0482829,2778.3017259
"2257",859.57979,2778.4864
"2258",833.14713,2804.949396
"2259",854.692444,2746.996334
"2260",792.68521,2806.757204
"2261",836.781307,2819.81391
"2262",803.585523,2756.380603
"2263",807.539952,2750.13422
"2264",836.277157,2743.293101
"2265",819.94653,2792.796896
"2266",793.70148,2843.118707
"2267",801.30852,2870.082656
"2268",840.91277,2853.651334
"2269",816.3979272,2801.9379502
"2270",793.689799,2721.282827
"2271",800.395313,2710.617012
"2272",801.59598,2688.755329
"2273",816.95343,2607.30153
"2274",800.889777,2602.725087
"2275",794.474786,2602.163216
"2276",804.82728,2610.197572
"2277",811.94275,2595.716359
"2278",810.04589,2602.670007
"2279",812.1754,2630.659012
"2280",812.306864,2578.972894
"2281",799.246696,2533.482769
"2282",774.816781,2578.127192
"2283",753.724019,2603.041854
"2284",795.956406,2574.905538
"2285",777.434704,2590.486035
"2286",804.245918,2594.643353
"2287",799.75548,2611.800098
"2288",776.312204,2646.220854
"2289",829.418405,2635.328901
"2290",798.994282,2687.718865
"2291",779.62582,2530.52869
"2292",740.62494,2534.51609
"2293",803.03084,2597.64578
"2294",790.36337,2606.437031
"2295",801.030921,2602.770043
"2296",834.944387,2597.053358
"2297",814.75187,2592.273304
"2298",819.835835,2578.832762
"2299",812.995065,2553.3298
"2300",802.434514,2542.657591
"2301",827.882475,2551.135862
"2302",816.69346,2677.689062
"2303",845.450792,2666.987604
"2304",815.479697,2620.220545
"2305",808.405334,2572.080914
"2306",807.19241,2643.373647
"2307",803.67335,2697.059836
"2308",796.47822,2646.380999
"2309",802.81164,2629.070902
"2310",819.04938,2590.1064
"2311",814.57916,2639.829877
"2312",758.783715,2742.528096
"2313",810.144627,2618.2257671
"2314",801.65175,2587.72018
"2315",805.360758,2595.651252
"2316",813.292244,2642.573276
"2317",813.1895,2559.66798
"2318",805.181716,2615.481363
"2319",792.47614,2646.378824
"2320",795.901404,2609.789596
"2321",791.88735,2663.134702
"2322",804.2423,2676.17107
"2323",750.529,2596.26874
"2324",748.41078,2600.40425
"2325",754.93696,2643.17431
"2326",761.82816,2611.98175
"2327",805.69295,2753.679212
"2328",831.37679,2661.40865
"2329",797.51334,2614.62502
"2330",807.8512,2735.302458
"2331",822.78284,2796.21832
"2332",793.04676,2778.66551
"2333",751.85404,2786.620114
"2334",723.46218,2767.20262
"2335",748.472291,2855.244534
"2336",743.71738,2843.45796
"2337",765.81931,2809.989303
"2338",797.00063,2768.239788
"2339",792.88296,2756.478274
"2340",787.175152,2766.832777
"2341",801.7451,2772.493099
"2342",771.19163,2659.8016403
"2343",790.608685,2590.606225
"2344",787.726946,2633.036806
"2345",820.15958,2553.133021
"2346",812.56951,2588.385405
"2347",834.4009071,2612.9658691
"2348",833.41697,2670.5244082
"2349",798.93866,2657.233598
"2350",804.697957,2707.954757
"2351",806.531473,2736.655363
"2352",772.126627,2591.648131
"2353",807.82879,2709.902936
"2354",766.60047,2718.02023
"2355",769.291335,2728.381445
"2356",759.215958,2770.353286
"2357",810.408187,2726.554825
"2358",809.481451,2736.184881
"2359",807.407481,2756.548441
"2360",809.93563,2729.02173
"2361",812.00361,2770.476011
"2362",804.10232,2770.312437
"2363",811.280565,2723.135252
"2364",821.16303,2745.061565
"2365",802.060204,2639.474011
"2366",797.417214,2617.555556
"2367",797.229469,2640.942039
"2368",806.58783,2668.463062
"2369",794.458837,2652.481265
"2370",797.854387,2637.492651
"2371",808.164746,2647.842892
"2372",806.500513,2572.975256
"2373",805.228113,2602.230912
"2374",825.060801,2626.070531
"2375",753.659052,2589.991936
"2376",753.993078,2615.820128
"2377",739.01527,2623.733981
"2378",752.097517,2641.31203
"2379",767.622341,2628.156124
"2380",743.064991,2592.419922
"2381",766.730859,2620.382354
"2382",818.84135,2590.179357
"2383",828.70375,2583.252002
"2384",832.41379,2588.031165
"2385",799.14088,2629.805118
"2386",865.27831,2661.79069
"2387",797.06191,2631.52074
"2388",782.327724,2632.61599
"2389",796.49589,2653.49431
"2390",804.02007,2653.404338
"2391",830.18862,2556.141
"2392",820.493271,2659.767502
"2393",807.11493,2621.5589
"2394",800.690601,2601.669521
"2395",794.639505,2660.395589
"2396",801.16819,2725.14907
"2397",814.382,2745.7660801
"2398",806.984151,2653.335751
"2399",806.78537,2550.079999
"2400",802.819604,2619.647064
"2401",799.9887862,2654.5803962
"2402",772.084979,2652.806513
"2403",755.651064,2672.263305
"2404",808.226049,2672.51387
"2405",796.972436,2574.907613
"2406",804.391676,2556.712716
"2407",846.709601,2653.932283
"2408",807.023732,2590.429987
"2409",799.45535,2565.712382
"2410",880.47903,2644.641962
"2411",862.04016,2655.360515
"2412",849.245784,2759.40937
"2413",796.90232,2679.00548
"2414",789.56751,2662.802397
"2415",792.880797,2657.909431
"2416",804.517435,2652.113095
"2417",821.740139,2621.9613897
"2418",815.443864,2515.179055
"2419",842.09761,2625.935965
"2420",803.08498,2639.04642
"2421",810.73955,2661.152494
"2422",825.3145,2743.53235
"2423",845.05095,2750.564418
"2424",807.830817,2738.746237
"2425",795.985934,2664.701944
"2426",802.09372,2644.909359
"2427",807.57855,2663.556148
"2428",802.598887,2558.042111
"2429",818.178534,2604.5338137
"2430",793.003156,2564.474346
"2431",802.973893,2595.0430034
"2432",798.91783,2595.387461
"2433",821.557223,2602.362113
"2434",816.979707,2592.525139
"2435",819.464814,2617.199171
"2436",813.828367,2690.846686
"2437",812.7007,2640.6066
"2438",842.86371545,2724.45451745
"2439",863.24698,2663.917761
"2440",836.139188,2659.729421
"2441",834.8447,2644.445159
"2442",850.03196,2667.048545
"2443",836.66026,2590.404473
"2444",820.12537,2714.55734
"2445",804.3061,2621.35782
"2446",790.76128,2619.99435
"2447",793.94697,2635.60242
"2448",798.44259,2592.637724
"2449",810.67324,2564.26959
"2450",751.023,2666.6284292
"2451",761.640212,2655.09086
"2452",796.98858,2637.5008
"2453",815.52113,2714.882018
"2454",831.788967,2701.843153
"2455",789.154435,2631.2325439
"2456",798.610789,2734.2222029
"2457",788.039236,2748.505143
"2458",792.194925,2714.7549301
"2459",802.11531,2694.983748
"2460",801.792838,2667.37677
"2461",801.618128,2667.133234
"2462",825.17477,2726.516329
"2463",798.209116,2701.105612
"2464",796.333467,2735.439906
"2465",819.3720283,2803.7748783
"2466",778.50324,2642.76562
"2467",797.15022,2648.929047
"2468",816.772865,2741.654722
"2469",787.15591,2698.825607
"2470",796.678139,2637.976039
"2471",820.724373,2553.605864
"2472",837.283995,2640.372955
"2473",802.715816,2606.587883
"2474",801.77897,2641.412515
"2475",795.117488,2681.733101
"2476",829.68553,2668.03919
"2477",847.17483,2591.234059
"2478",864.901807,2616.178562
"2479",793.19037,2601.460067
"2480",804.42933,2655.718176
"2481",799.19079,2614.060293
"2482",821.538696,2601.679266
"2483",812.587431,2595.807209
"2484",824.18368,2605.14314
"2485",832.39009,2565.85738
"2486",832.70697,2591.47099
"2487",807.1996,2713.020926
"2488",814.369195,2639.415425
"2489",812.7593747,2628.0235257
"2490",807.41944,2659.13275
"2491",832.47679,2643.26979
"2492",846.30946,2734.42443
"2493",805.328203,2703.865233
"2494",828.950943,2686.256659
"2495",833.620068,2693.035439
"2496",838.358769,2689.730481
"2497",824.416669,2710.309923
"2498",801.228515,2637.700931
"2499",800.938962,2590.587862
"2500",829.23827,2634.81938
"2501",806.12169,2707.36904
"2502",823.209025,2788.853579
"2503",856.900279,2771.765009
"2504",857.560852,2753.315949
"2505",823.69799,2796.299169
"2506",806.451988,2753.613698
"2507",852.39455,2728.334354
"2508",830.85,2620.251899
"2509",794.416938,2600.104438
"2510",809.81404,2579.3818
"2511",790.358734,2689.705213
"2512",786.2063,2635.92621
"2513",798.620391,2668.453374
"2514",798.354484,2624.878334
"2515",810.475588,2621.678658
"2516",806.65287,2705.91702
"2517",792.826482,2702.971434
"2518",795.9393,2722.239489
"2519",770.91385,2651.0278
"2520",792.657046,2614.878947
"2521",805.88998,2680.717775
"2522",811.301224,2683.521134
"2523",807.595115,2641.948095
"2524",841.629764,2587.325094
"2525",809.02012,2581.37011
"2526",800.041751,2715.183101
"2527",820.340867,2794.17849
"2528",801.368342,2755.593484
"2529",800.376133,2760.317323
"2530",835.7813,2631.51694
"2531",837.818838,2577.391928
"2532",803.45734,2706.05194
"2533",826.59256,2782.18243
"2534",784.799361,2748.213491
"2535",797.46433,2761.74594
"2536",825.21282,2750.75831
"2537",802.35053,2738.22961
"2538",791.09924,2739.8197
"2539",755.89614,2730.45491
"2540",750.57686,2730.43305
"2541",742.14549,2747.29638
"2542",810.172118,2796.833098
"2543",805.61796,2762.98001
"2544",796.65251,2804.24522
"2545",802.54804,2790.12221
"2546",794.03734,2811.34125
"2547",788.70217,2680.4236
"2548",805.81775,2710.259034
"2549",826.14041,2793.452841
"2550",871.068,2698.3432
"2551",818.42047,2692.42353
"2552",811.94493,2668.22945
"2553",818.126742,2652.283052
"2554",843.729585,2652.843823
"2555",854.42158,2598.674277
"2556",864.05243,2563.3084
"2557",822.883817,2608.626453
"2558",842.457189,2608.387766
"2559",818.82605,2681.2359
"2560",831.1905,2620.860087
"2561",789.537237,2610.651581
"2562",838.1949,2628.754681
"2563",861.2774,2647.13954
"2564",815.724195,2663.028703
"2565",800.217051,2559.178976
"2566",819.995478,2610.919408
"2567",800.834749,2629.942174
"2568",787.184567,2643.4016433
"2569",791.80312,2662.26894
"2570",804.282986,2651.915346
"2571",808.32718,2596.091752
"2572",804.037217,2672.810837
"2573",817.808602,2622.071392
"2574",827.7554351,2588.6748721
"2575",808.226545,2546.926336
"2576",792.525123,2579.803853
"2577",799.05626,2610.59097
"2578",803.119993,2589.35538
"2579",829.4615,2618.87107
"2580",805.05209,2694.09596
"2581",813.123505,2673.548545
"2582",835.40537,2581.781209
"2583",834.0882,2649.720088
"2584",841.87721,2538.526999
"2585",816.62519,2582.66692
"2586",817.25126,2572.18403
"2587",794.23613,2556.185319
"2588",773.26153,2561.409172
"2589",765.02053,2573.35725
"2590",810.447609,2622.939831
"2591",795.0494,2614.67917
"2592",809.552104,2607.731814
"2593",795.58235,2686.23542
"2594",804.10837,2686.89288
"2595",803.096418,2710.420638
"2596",823.54521,2661.47893
"2597",775.594382,2559.742852
"2598",807.863079,2613.149389
"2599",803.55133,2613.797667
"2600",870.71288,2778.366714
"2601",866.89635,2779.941542
"2602",842.353569,2631.389049
"2603",854.148104,2656.562035
"2604",863.32307,2602.859981
"2605",870.0629525,2585.1483125
"2606",813.671596,2716.028236
"2607",805.339226,2704.003316
"2608",805.218582,2713.442146
"2609",823.242769,2591.502121
"2610",845.55388,2562.969109
"2611",827.291459,2563.749885
"2612",782.95928,2609.794283
"2613",811.51196,2614.722465
"2614",857.72396,2570.656543
"2615",826.61848,2581.94487
"2616",824.532097,2679.706507
"2617",804.020247,2610.417201
"2618",836.073027,2669.761417
"2619",756.238886,2713.929566
"2620",798.45042,2599.33148
"2621",805.9104,2667.49774
"2622",798.33216,2682.65214
"2623",808.93062,2754.95214
"2624",813.85618,2750.118804
"2625",802.7173,2743.56712
"2626",806.81285,2616.80398
"2627",777.08084,2650.123866
"2628",747.176245,2593.685825
"2629",802.78171,2576.256672
"2630",798.870372,2652.552202
"2631",830.130574,2601.309547
"2632",849.832104,2606.72837
"2633",801.227558,2628.217841
"2634",801.259002,2619.735912
"2635",795.89202,2670.22219
"2636",799.102552,2739.282511
"2637",805.427742,2660.070518
"2638",864.16217,2626.87819
"2639",847.85609,2534.65616
"2640",792.63093,2620.098044
"2641",735.634673,2579.392649
"2642",755.938784,2582.785724
"2643",839.28871,2448.811532
"2644",833.628736,2644.395786
"2645",824.90123,2589.912502
"2646",804.11047,2672.300321
"2647",805.28644,2748.80832
"2648",843.98214,2752.523684
"2649",804.835179,2756.890294
"2650",791.74412,2808.936451
"2651",803.90918,2747.522831
"2652",798.013044,2664.336081
"2653",804.685484,2739.465367
"2654",808.6341933,2634.4632753
"2655",859.174146,2690.701156
"2656",811.418632,2681.841534
"2657",808.651725,2663.818831
"2658",810.37743,2648.218906
"2659",825.49537,2641.854311
"2660",803.65067,2554.53283
"2661",811.85693,2587.921519
"2662",841.417951,2579.984981
"2663",855.53695,2580.64647
"2664",841.505111,2640.314301
"2665",802.250871,2679.519984
"2666",840.644993,2621.296116
"2667",820.311271,2603.881431
"2668",788.539667,2601.771936
"2669",805.527091,2559.353091
"2670",858.590558,2613.867798
"2671",822.035902,2754.753874
"2672",839.139517,2668.862828
"2673",807.466369,2607.863923
"2674",858.63624,2648.163606
"2675",809.06573,2617.978448
"2676",797.85979,2587.988346
"2677",828.619938,2589.255288
"2678",853.296905,2624.085789
"2679",832.39466,2620.70168
"2680",810.765935,2654.732905
"2681",822.186313,2787.771573
"2682",852.033005,2672.700337
"2683",852.714528,2625.317233
"2684",833.002805,2661.636885
"2685",829.14607,2653.907059
"2686",797.70327,2667.200803
"2687",800.9147,2611.49979
"2688",797.66544,2625.61224
"2689",825.69311,2628.081847
"2690",801.21107,2607.54403
"2691",795.11857,2616.50479
"2692",795.947364,2547.981814
"2693",830.50924,2608.627821
"2694",804.082421,2599.553604
"2695",797.034111,2640.353059
"2696",808.017787,2640.78882
"2697",810.882234,2752.993275
"2698",803.73301,2763.735022
"2699",807.211677,2789.771774
"2700",816.6648,2797.44779
"2701",795.710874,2718.135364
"2702",806.99305,2663.26359
"2703",824.756428,2654.274291
"2704",821.879138,2648.084578
"2705",803.104493,2626.241478
"2706",810.33576,2574.93793
"2707",796.670213,2572.515016
"2708",809.2803461,2598.1749561
"2709",800.528225,2562.772093
"2710",791.433083,2660.980084
"2711",801.243994,2548.924604
"2712",798.26457,2568.355706
"2713",788.80189,2656.31829
"2714",791.84537,2623.25047
"2715",798.661297,2645.197018
"2716",748.843661,2718.580719
"2717",750.62121,2610.697237
"2718",750.75977,2568.10462
"2719",797.66343,2588.892052
"2720",793.696798,2523.603868
"2721",828.767639,2620.033869
"2722",825.12514,2651.221834
"2723",815.05895,2556.21171
"2724",789.5298,2596.18014
"2725",802.92216,2551.93819
"2726",802.41247,2569.071121
"2727",808.25859,2613.45089
"2728",801.61337,2641.068903
"2729",824.375726,2590.65367
"2730",828.446433,2617.686185
"2731",796.840937,2631.509953
"2732",803.482944,2661.279934
"2733",807.36338,2626.26335
"2734",804.50642,2577.79309
"2735",809.4818156,2598.5514056
"2736",803.14956,2571.692799
"2737",805.65097,2599.096648
"2738",790.22499,2652.759331
"2739",798.9,2716.744659
"2740",799.05495,2692.38963
"2741",815.127288,2663.993848
"2742",795.1834,2667.838197
"2743",804.25537,2611.652437
"2744",818.794546,2628.918969
"2745",803.359639,2671.553368
"2746",813.037855,2663.324974
"2747",828.570083,2668.810472
"2748",835.495971,2616.856341
"2749",794.94238851,2625.62673851
"2750",818.00409,2568.20932
"2751",795.856468,2645.725923
"2752",805.082695,2708.035513
"2753",752.499751,2724.999684
"2754",792.094559,2699.91012
"2755",811.711212,2688.97168
"2756",797.61046,2600.138694
"2757",797.43044,2594.457038
"2758",776.268434,2578.095344
"2759",758.17974,2633.510375
"2760",813.42981,2779.867346
"2761",797.238669,2756.807869
"2762",806.62649,2726.744916
"2763",785.541561,2700.120992
"2764",804.004685,2595.959457
"2765",801.089404,2608.548364
"2766",799.735846,2564.259584
"2767",798.063554,2531.660872
"2768",815.472416,2602.254315
"2769",812.385415,2649.756105
"2770",834.822217,2633.393387
"2771",799.029426,2602.819966
"2772",794.287481,2601.089031
"2773",799.438221,2642.261801
"2774",807.872293,2591.406223
"2775",820.479086,2585.008199
"2776",805.90497,2586.401924
"2777",816.46649,2555.917375
"2778",827.626089,2582.4308615
"2779",805.620079,2573.134258
"2780",849.9650786,2565.5634426
"2781",812.3154385,2570.5253725
"2782",797.736435,2587.091825
"2783",832.885471,2629.620338
"2784",832.60718,2568.37223
"2785",784.05448,2565.147884
"2786",861.594067,2599.243559
"2787",828.423891,2663.683881
"2788",831.774005,2554.300386
"2789",795.452516,2683.809206
"2790",819.581033,2540.773993
"2791",801.34342,2547.64558
"2792",816.49874,2525.28766
"2793",792.1646,2574.054569
"2794",812.60815,2615.34232
"2795",812.757684,2595.913664
"2796",794.105432,2647.392361
"2797",793.979208,2782.203986
"2798",805.65635,2655.838356
"2799",816.750442,2707.669143
"2800",811.69799,2623.92015
"2801",803.72452,2635.744379
"2802",786.34748,2661.939275
"2803",792.067977,2654.471857
"2804",797.752862,2616.304535
"2805",832.230403,2621.289618
"2806",833.266537,2625.492227
"2807",840.845633,2647.956887
"2808",825.738842,2654.084984
"2809",818.516612,2628.511108
"2810",794.78657,2596.293163
"2811",795.527055,2681.304625
"2812",798.921295,2613.017348
"2813",817.877368,2614.908085
"2814",802.880519,2568.327368
"2815",807.386573,2607.769608
"2816",763.398691,2655.379235
"2817",803.094167,2635.315594
"2818",829.629987,2617.454722
"2819",818.313943,2620.715315
"2820",741.161042,2670.126984
"2821",794.39738,2721.950809
"2822",791.164151,2659.132504
"2823",806.68331,2672.564749
"2824",808.111645,2667.395338
"2825",794.883904,2575.504464
"2826",812.93097,2635.07186
"2827",848.92378,2601.10974
"2828",800.23703,2668.449011
"2829",835.879129,2618.64096
"2830",799.717318,2615.863998
"2831",799.48495,2613.062649
"2832",845.71272,2553.55729
"2833",840.64271,2600.305222
"2834",823.18536,2581.986607
"2835",811.751112,2564.131587
"2836",808.98496,2579.579632
"2837",852.975484,2564.651625
"2838",842.728072,2619.763214
"2839",812.791745,2623.135541
"2840",798.67065,2637.660627
"2841",792.34771,2595.86469
"2842",798.90291,2646.52633
"2843",822.831239,2574.908175
"2844",819.196832,2544.978356
"2845",806.306046,2667.221989
"2846",791.402332,2578.337585
"2847",786.159359,2669.994731
"2848",818.74181,2568.768902
"2849",822.280701,2582.776894
"2850",836.523442,2627.113795
"2851",816.28068,2561.491719
"2852",804.68869,2563.185348
"2853",782.960261,2577.475819
"2854",791.52944,2565.84314
"2855",799.15642,2565.607364
"2856",786.388763,2512.787558
"2857",805.03667,2616.6822245
"2858",827.52019,2642.303049
"2859",852.08368,2582.612711
"2860",847.57432,2565.898089
"2861",796.469046,2575.135864
"2862",799.021412,2558.567739
"2863",791.098401,2702.666408
"2864",802.58471,2730.7592632
"2865",818.03733,2617.829453
"2866",817.03127,2674.326187
"2867",810.49722,2657.639065
"2868",799.06123,2746.501921
"2869",812.209754,2676.076592
"2870",807.70167,2693.53942
"2871",823.380383,2624.266276
"2872",789.74455,2624.64558
"2873",803.524277,2633.920617
"2874",799.545833,2622.219953
"2875",795.069893,2654.201478
"2876",806.558123,2662.41256
"2877",777.62236,2638.867653
"2878",808.28505,2709.911548
"2879",812.46788,2709.8826656
"2880",816.21713,2667.638037
"2881",834.957803,2758.346556
"2882",808.30634,2555.28347
"2883",780.54375,2619.433849
"2884",755.810339,2608.201642
"2885",824.551926,2662.044958
"2886",770.163864,2645.501618
"2887",800.29411,2594.982157
"2888",807.996366,2591.835375
"2889",813.131513,2569.47489
"2890",787.15917,2570.87721
"2891",788.855004,2583.013424
"2892",799.55314,2653.31776
"2893",811.83226,2740.966762
"2894",802.5786,2673.859141
"2895",794.46211,2540.122048
"2896",819.14143,2612.054687
"2897",800.623932,2613.806566
"2898",805.786054,2628.080806
"2899",795.000122,2635.379741
"2900",809.1695,2767.759483
"2901",795.87933,2771.5621305
"2902",801.92629,2664.646255
"2903",799.58878,2840.46246
"2904",793.093986,2830.845306
"2905",787.803472,2815.255062
"2906",845.834593,2813.452423
"2907",861.518572,2746.027462
"2908",868.688306,2748.240956
"2909",839.841334,2647.749974
"2910",865.89736,2684.59138
"2911",885.40947,2633.624405
"2912",861.233,2685.03168
"2913",865.861453,2654.878333
"2914",844.800845,2717.643065
"2915",837.432319,2730.333501
"2916",791.048049,2789.829139
"2917",810.59939,2656.031456
"2918",805.219563,2652.0031928
"2919",797.26995,2678.705213
"2920",816.52204,2615.959364
"2921",822.299661,2682.354349
"2922",806.2960513,2765.8974443
"2923",804.62663,2725.75805
"2924",802.617444,2788.833854
"2925",797.492569,2661.24362
"2926",802.572539,2569.458508
"2927",799.683922,2693.281039
"2928",797.174424,2632.623674
"2929",798.91529,2649.212112
"2930",806.336981,2651.222916
"2931",795.25453,2628.58169
"2932",781.544199,2603.57299
"2933",795.662889,2688.368658
"2934",810.62514,2646.60853
"2935",808.27868,2734.461286
"2936",817.983685,2708.878445
"2937",831.271702,2814.078382
"2938",816.387821,2823.161376
"2939",809.35445,2815.234899
"2940",803.703005,2731.071715
"2941",801.274,2668.189704
"2942",777.440409,2601.328688
"2943",799.094753,2575.247833
"2944",800.13518,2553.3147489
"2945",837.573012,2560.565307
"2946",796.345589,2587.677447
"2947",843.608085,2575.220994
"2948",801.97663,2567.422853
"2949",817.20991,2672.54553
"2950",807.46084,2656.93683
"2951",820.474854,2658.472559
"2952",799.043304,2730.868611
"2953",795.665037,2717.434636
"2954",797.17357,2718.144755
"2955",798.53165,2710.426552
"2956",801.0377,2711.101331
"2957",869.109337,2721.843457
"2958",837.147959,2720.289359
"2959",806.376458,2722.805461
"2960",816.34816,2731.867899
"2961",837.748,2735.147415
"2962",806.413813,2714.660253
"2963",853.73528,2653.603463
"2964",841.21856,2698.684483
"2965",799.83572,2752.180932
"2966",801.051305,2746.240997
"2967",813.68832,2787.97457
"2968",794.03073,2677.98063
"2969",760.52399,2712.036643
"2970",792.63286,2797.226839
"2971",808.559417,2772.883543
"2972",798.963886,2687.536606
"2973",791.030732,2648.407862
"2974",817.80247,2595.426631
"2975",804.378448,2702.33922
"2976",816.517307,2678.717433
"2977",827.68354,2723.455574
"2978",804.85828,2714.39084
"2979",797.9904331,2675.0084515
"2980",799.83627,2697.74746
"2981",799.97923,2611.43813
"2982",821.36171,2620.684267
"2983",800.047579,2610.127796
"2984",797.541032,2633.115282
"2985",792.86002,2594.13632
"2986",805.599705,2547.092978
"2987",825.86601,2655.446035
"2988",815.157855,2647.59984
"2989",816.176353,2635.687973
"2990",807.706384,2622.525974
"2991",802.966252,2634.408522
"2992",809.264572,2644.033947
"2993",804.794683,2604.918469
"2994",771.010476,2670.242056
"2995",795.23971,2629.01618
"2996",795.822051,2696.877668
"2997",796.36069,2649.566165
"2998",810.92551,2641.583562
"2999",813.0407,2681.823673
"3000",802.75481,2683.18948
"3001",809.47426,2664.23182
"3002",816.9248,2645.013967
"3003",811.27096,2662.917694
"3004",853.80832,2658.844232
"3005",824.33371,2688.469332
"3006",850.646006,2668.300667
"3007",834.51652,2671.457153
"3008",838.35895,2667.56164
"3009",840.79418,2653.2242215
"3010",799.854329,2620.961654
"3011",827.642416,2622.764258
"3012",800.61206,2582.066698
"3013",803.316062,2540.060703
"3014",794.352832,2589.793762
"3015",803.515791,2585.955197
"3016",818.98021,2620.28288
"3017",815.18484,2578.49588
"3018",820.883069,2613.94144
"3019",789.900835,2674.175809
"3020",803.1153,2765.60693
"3021",812.17744,2776.34067
"3022",798.47913,2798.62317
"3023",801.029713,2801.454763
"3024",800.73407,2843.0616
"3025",824.651099,2838.578701
"3026",796.39571,2845.41896
"3027",805.506378,2769.15991
"3028",815.773416,2739.656156
"3029",777.386631,2757.868683
"3030",789.294295,2677.913582
"3031",780.841538,2824.1014347
"3032",812.493779,2808.291992
"3033",785.25234,2841.13166
"3034",800.526476,2873.212577
"3035",798.713067,2785.463647
"3036",768.26111,2817.9704
"3037",777.337129,2776.20654
"3038",787.673969,2772.262976
"3039",791.56166,2770.58378
"3040",787.16193,2813.92979
"3041",805.18778,2826.660903
"3042",808.48934,2729.5463
"3043",806.92269,2672.67985
"3044",804.12924,2656.69027
"3045",792.15801,2676.137389
"3046",801.4368,2597.43273
"3047",810.273738,2609.669008
"3048",754.075793,2581.409614
"3049",809.379863,2643.75088
"3050",816.429642,2686.025317
"3051",795.69506,2551.0473
"3052",812.3537,2615.9978
"3053",819.590983,2724.993103
"3054",801.00363,2795.110617
"3055",795.752477,2746.738377
"3056",800.266463,2634.204553
"3057",803.628436,2613.131126
"3058",841.777032,2606.589852
"3059",839.281772,2630.180701
"3060",832.82421,2609.943599
"3061",801.47231,2680.1812398
"3062",846.278955,2705.441531
"3063",798.03094,2799.37411
"3064",814.377558,2704.660678
"3065",814.55779,2714.07913
"3066",807.82457,2819.70991
"3067",804.090626,2820.381903
"3068",804.097681,2833.784266
"3069",810.447414,2844.036136
"3070",810.178603,2728.757145
"3071",798.637935,2704.11676
"3072",806.41941,2701.91626
"3073",805.24658,2744.154047
"3074",794.33641,2685.291896
"3075",755.29103,2762.187152
"3076",775.6595,2697.40456
"3077",762.032992,2593.802492
"3078",744.97078,2624.65915
"3079",783.48913,2563.6086
"3080",795.28495,2580.45814
"3081",778.37592,2602.469997
"3082",828.17996,2565.0483627
"3083",809.20152,2608.578501
"3084",794.652,2593.05104
"3085",786.26299,2606.543276
"3086",791.63326,2621.6131
"3087",800.62459,2574.13507
"3088",796.22428,2689.57724
"3089",850.939944,2650.638751
"3090",821.191446,2674.543506
"3091",813.952559,2706.140408
"3092",795.748102,2730.696252
"3093",786.022941,2730.421441
"3094",795.5338,2582.04229
"3095",803.44292,2649.425422
"3096",804.88861,2625.57304
"3097",807.00703,2615.47239
"3098",820.60562,2639.52998
"3099",800.06873,2587.84696
"3100",798.4835,2596.820046
"3101",803.237265,2674.33753
"3102",831.941831,2767.996727
"3103",802.33179,2814.708546
"3104",825.50251,2825.140103
"3105",803.59383,2814.042671
"3106",804.476988,2648.051788
"3107",802.87911,2619.842826
"3108",823.33435,2634.962506
"3109",794.995473,2682.081865
"3110",785.000712,2596.913539
"3111",771.599316,2413.657338
"3112",821.095648,2559.926385
"3113",817.560068,2598.317296
"3114",805.451776,2617.5651849
"3115",812.122537,2612.794663
"3116",822.46849,2599.885454
"3117",867.209973,2555.139002
"3118",845.55491,2604.466267
"3119",807.7956,2649.744328
"3120",719.481234,2677.353415
"3121",698.576392,2587.054511
"3122",696.17107,2575.767394
"3123",702.588605,2576.736705
"3124",724.67924,2676.097255
"3125",702.98141,2693.899855
"3126",690.13472,2662.949693
"3127",701.691714,2665.098717
"3128",753.676306,2647.404637
"3129",757.392491,2646.996651
"3130",805.894226,2670.108723
"3131",792.62138,2705.687569
"3132",818.45658,2605.156718
"3133",802.3374,2626.07139
"3134",803.322603,2580.460164
"3135",801.171008,2651.615288
"3136",800.734892,2653.147982
"3137",818.315088,2644.013935
"3138",800.864337,2700.341875
"3139",806.309123,2679.790593
"3140",751.928434,2496.105994
"3141",743.02886,2554.587653
"3142",695.9611193,2563.3500896
"3143",739.488737,2659.012233
"3144",735.406765,2628.523865
"3145",743.841998,2617.919421
"3146",737.816691,2605.158424
"3147",754.843667,2587.834897
"3148",755.101718,2549.304658
"3149",826.087561,2553.806851
"3150",826.735812,2593.282591
"3151",843.733114,2565.882994
"3152",855.583003,2548.931823
"3153",868.836565,2575.051155
"3154",847.272615,2604.755873
"3155",822.966814,2649.253816
"3156",805.649818,2600.282548
"3157",797.980883,2612.880015
"3158",796.577661,2658.138815
"3159",796.826526,2579.060144
"3160",794.07709,2564.744287
"3161",791.388171,2625.232411
"3162",804.0871,2693.57985
"3163",783.95894,2711.112752
"3164",799.28818,2627.874925
"3165",851.43716,2640.035524
"3166",847.575306,2661.420816
"3167",799.820215,2616.116949
"3168",825.6708,2617.310541
"3169",778.32071,2589.891588
"3170",799.08855,2636.090038
"3171",793.851309,2601.777166
"3172",795.06623,2603.91191
"3173",813.537743,2561.540113
"3174",797.321373,2585.090803
"3175",802.979946,2637.446436
"3176",793.79306,2611.52977
"3177",800.549899,2634.723349
"3178",803.18257,2623.24115
"3179",801.93789,2606.07165
"3180",815.67756,2591.06825
"3181",787.15755,2681.963275
"3182",852.63295,2623.639935
"3183",795.86481,2578.87852
"3184",824.45259,2666.665279
"3185",831.91811,2580.4305
"3186",806.345354,2662.769544
"3187",825.386446,2654.197592
"3188",796.58587,2570.94915
"3189",798.540249,2552.528669
"3190",817.68016,2604.06354
"3191",824.26973,2586.045391
"3192",846.60812,2552.332112
"3193",809.297766,2663.039276
"3194",797.481071,2650.496041
"3195",843.463415,2662.035872
"3196",802.58701,2661.946665
"3197",827.240727,2647.098567
"3198",778.31279,2626.66668
"3199",822.607272,2635.203312
"3200",818.670119,2683.72415
"3201",828.38333,2700.63447
"3202",834.979927,2676.562143
"3203",877.99537,2605.05505
"3204",885.84812,2667.010905
"3205",846.0301,2667.557288
"3206",781.90609,2562.4566
"3207",827.990029,2566.442699
"3208",804.531863,2625.283753
"3209",821.82874,2629.62325
"3210",812.13883,2614.3557
"3211",824.78175,2639.002804
"3212",801.388131,2635.17581
"3213",796.594481,2597.789201
"3214",819.72324,2613.359156
"3215",802.3897,2600.337397
"3216",817.652325,2589.959045
"3217",796.420649,2674.539572
"3218",810.8815,2638.158025
"3219",795.7111,2625.71963
"3220",816.35669,2602.096992
"3221",801.43633,2629.039254
"3222",789.04018,2616.99818
"3223",792.93459,2676.604541
"3224",779.62767,2654.248779
"3225",806.8529,2674.5055794
"3226",776.72038,2691.110278
"3227",759.972657,2787.846027
"3228",741.860997,2710.206767
"3229",802.04058,2672.4383
"3230",779.906,2690.738526
"3231",842.829109,2677.321389
"3232",799.051997,2649.802096
"3233",754.0902,2671.77469
"3234",742.66424,2698.26714
"3235",740.25679,2619.8915
"3236",750.055861,2638.150906
"3237",799.513774,2582.821997
"3238",842.31553,2548.340797
"3239",824.756936,2572.389506
"3240",835.206938,2615.131278
"3241",835.75598,2536.755102
"3242",827.14777,2654.17568
"3243",793.495656,2626.375122
"3244",787.03866,2710.9035
"3245",809.683261,2665.880029
"3246",817.18017,2640.186981
"3247",790.089521,2562.671355
"3248",786.67423,2610.156958
"3249",794.41229,2585.107674
"3250",806.9592,2628.3955969
"3251",813.08365,2619.046343
"3252",797.91465,2592.321864
"3253",828.47527,2557.947967
"3254",776.899602,2579.096372
"3255",850.384728,2605.431907
"3256",805.061716,2575.672133
"3257",825.75931,2591.471462
"3258",806.95523,2787.643863
"3259",809.20098,2799.910252
"3260",800.01319,2703.267318
"3261",717.227329,2673.596404
"3262",756.07001,2620.919232
"3263",748.46196,2566.3333
"3264",741.505551,2608.96508
"3265",747.784385,2605.920543
"3266",740.217633,2580.960039
"3267",789.611101,2661.398942
"3268",831.78912,2652.08805
"3269",803.073039,2647.140212
"3270",812.805586,2609.975805
"3271",860.565454,2636.261757
"3272",867.15433,2595.83891
"3273",861.360189,2558.729408
"3274",806.651763,2551.557223
"3275",801.89653,2697.4424
"3276",806.14498,2669.20986
"3277",807.365383,2597.191513
"3278",795.964733,2561.978074
"3279",796.46327,2616.09879
"3280",823.12347,2637.904604
"3281",788.83657,2605.499823
"3282",801.96538,2612.853352
"3283",802.774076,2591.989826
"3284",800.279291,2587.792151
"3285",791.124756,2627.616776
"3286",806.20044,2688.71348
"3287",838.176633,2704.467936
"3288",793.36639,2657.210472
"3289",784.217569,2633.149666
"3290",790.465472,2655.176246
"3291",782.073486,2697.808981
"3292",800.961708,2821.827228
"3293",802.977157,2711.182099
"3294",830.672682,2706.259163
"3295",745.227072,2773.593154
"3296",786.202568,2788.572742
"3297",755.070299,2873.322839
"3298",755.07649,2832.66871
"3299",756.5007,2794.781801
"3300",745.947825,2801.419355
"3301",730.38628,2805.8081
"3302",747.113456,2772.424968
"3303",740.948038,2785.523178
"3304",733.990749,2668.824318
"3305",730.63324,2671.312001
"3306",734.412199,2667.435443
"3307",738.7573,2660.20113
"3308",799.54595,2660.560511
"3309",803.74103,2699.2474
"3310",796.29846,2712.515059
"3311",814.295151,2643.859541
"3312",808.997036,2796.327756
"3313",806.543554,2844.373284
"3314",800.501765,2850.647238
"3315",800.243024,2827.516471
"3316",776.92491,2810.925794
"3317",766.54106,2811.459073
"3318",806.71094,2801.66241
"3319",808.768125,2789.290459
"3320",767.878081,2762.936761
"3321",779.223167,2759.758657
"3322",795.465878,2789.164808
"3323",839.70265,2784.7694
"3324",816.89825,2685.20123
"3325",796.15972,2639.0309791
"3326",783.421634,2469.803053
"3327",795.671533,2482.737813
"3328",757.84708,2610.161673
"3329",814.723918,2598.304743
"3330",811.84444,2570.84545
"3331",787.43151,2551.789709
"3332",820.10584,2647.3127788
"3333",796.934452,2639.833506
"3334",796.34974,2601.29679
"3335",829.5734,2600.810881
"3336",791.634084,2725.854194
"3337",796.716067,2756.741407
"3338",804.957476,2798.462576
"3339",832.750767,2820.257099
"3340",800.02805,2737.078994
"3341",810.591478,2745.635298
"3342",826.419022,2637.098052
"3343",821.29863,2703.585515
"3344",798.98807,2641.8239
"3345",821.890045,2628.731681
"3346",821.82749,2581.2007879
"3347",826.965783,2575.074446
"3348",825.934587,2580.036
"3349",856.830609,2608.08757
"3350",824.241289,2591.386788
"3351",797.651172,2601.763465
"3352",750.491672,2505.952121
"3353",734.950819,2607.871479
"3354",664.010428,2656.566428
"3355",692.97027,2657.176827
"3356",804.3092,2630.1869
"3357",765.027469,2737.218599
"3358",806.70412,2710.53171
"3359",803.093337,2646.385294
"3360",811.971825,2657.524045
"3361",844.259758,2619.405299
"3362",860.144267,2590.452194
"3363",839.837082,2688.662584
"3364",834.08362,2703.921392
"3365",811.969781,2627.295008
"3366",818.243553,2713.663563
"3367",830.142962,2689.785962
"3368",802.21172,2550.14528
"3369",806.52709,2624.253449
"3370",833.193419,2615.345029
"3371",792.347807,2637.793367
"3372",827.5842,2543.15098
"3373",805.1999,2627.43549
"3374",822.1546,2588.195022
"3375",771.97316,2577.38918
"3376",825.95221,2515.741944
"3377",840.5685,2680.93472
"3378",833.31827,2686.3891
"3379",847.61935,2764.61802
"3380",842.07336,2736.64847
"3381",843.238878,2637.943547
"3382",799.79443,2636.46205
"3383",795.80854,2703.90795
"3384",812.29585,2727.12919
"3385",797.51353,2713.5496
"3386",813.38205,2724.38174
"3387",710.48442,2632.33373
"3388",685.38471,2588.4463
"3389",722.0491,2617.10898
"3390",777.09047,2603.55845
"3391",795.963967,2604.571127
"3392",826.17362,2605.53453
"3393",865.945743,2570.884479
"3394",819.254608,2556.793821
"3395",801.93787,2586.85707
"3396",800.563645,2706.055059
"3397",785.689391,2672.781201
"3398",796.58411,2691.48489
"3399",803.826422,2586.845862
"3400",800.08524,2634.385472
"3401",807.63193,2715.846602
"3402",816.966809,2625.743255
"3403",825.498918,2679.762768
"3404",848.414824,2654.384679
"3405",848.56714,2625.06805
"3406",847.69664,2649.304656
"3407",855.53745,2627.584651
"3408",812.98695,2676.25729
"3409",828.77522,2663.346293
"3410",784.938223,2652.845917
"3411",789.210983,2645.009374
"3412",772.3028,2640.981179
"3413",795.12541,2611.97309
"3414",796.85411,2575.825567
"3415",844.29373,2645.052897
"3416",804.96407,2586.73193
"3417",837.9526,2597.906444
"3418",868.72349,2599.0393352
"3419",839.83009,2608.330528
"3420",819.42665,2587.66422
"3421",827.114627,2618.370727
"3422",816.081415,2590.5388754
"3423",813.06443,2655.020721
"3424",804.293772,2733.349551
"3425",788.705117,2683.368959
"3426",801.287594,2632.830999
"3427",801.91313,2686.165698
"3428",738.95777,2694.424766
"3429",794.3222,2602.009917
"3430",799.267707,2663.0722957
"3431",847.54833,2724.219019
"3432",840.875939,2580.646982
"3433",847.560253,2593.63043
"3434",840.73147,2649.463501
"3435",793.1158,2589.236857
"3436",793.36902,2576.3862731
"3437",803.67298,2556.538377
"3438",810.53814,2557.63579
"3439",820.124429,2591.590736
"3440",809.7985,2627.09241
"3441",811.66613,2647.614103
"3442",804.8723,2619.297515
"3443",802.14274,2649.26267
"3444",802.55882,2638.964842
"3445",805.198508,2728.186326
"3446",835.365516,2793.353563
"3447",821.44718,2704.741354
"3448",791.790423,2637.647619
"3449",792.186678,2559.870128
"3450",744.109361,2647.158415
"3451",746.62341,2645.401932
"3452",786.87181,2668.87934
"3453",809.471753,2607.619147
"3454",831.170177,2651.70807
"3455",801.20319,2739.325367
"3456",816.117294,2768.802905
"3457",824.49216,2754.074379
"3458",819.243032,2711.798003
"3459",804.913302,2729.213579
"3460",811.585857,2631.798909
"3461",851.907276,2735.342036
"3462",847.584614,2784.914937
"3463",825.786724,2750.562372
"3464",826.50329,2757.898239
"3465",848.541643,2687.388212
"3466",745.34879,2597.9161943
"3467",810.845448,2658.309787
"3468",791.45987,2606.979616
"3469",805.7116,2691.93048
"3470",808.67014,2816.6368
"3471",806.98086,2774.161
"3472",803.2805,2703.88659
"3473",808.10015,2670.987903
"3474",811.66087,2579.69432
"3475",834.87969,2683.26201
"3476",812.23535,2634.595059
"3477",812.6363,2703.026418
"3478",821.50353,2698.90856
"3479",826.71237,2740.22172
"3480",835.937927,2728.20774
"3481",821.903779,2744.073788
"3482",818.57145,2729.565755
"3483",793.87724,2674.23915
"3484",800.07244,2642.09835
"3485",801.61187,2657.75597
"3486",840.79415,2656.30507
"3487",843.3957,2672.81137
"3488",851.658355,2673.902236
"3489",817.806101,2627.199939
"3490",827.44411,2732.270215
"3491",836.66306,2663.763012
"3492",828.61476,2776.155678
"3493",805.46375,2866.15651
"3494",806.50358,2833.70532
"3495",814.02266,2790.33998
"3496",805.66637,2808.13617
"3497",841.31625,2738.126032
"3498",804.475065,2695.043991
"3499",801.86987,2690.953487
"3500",820.27996,2500.648859
"3501",800.898467,2565.439958
"3502",821.01003,2497.508192
"3503",818.65451,2542.374535
"3504",797.588438,2557.299016
"3505",799.367824,2669.341394
"3506",806.053667,2612.109377
"3507",813.1179,2608.01981
"3508",789.45901,2618.38735
"3509",816.64018,2604.331866
"3510",806.74188,2549.63209
"3511",846.00837,2585.94409
"3512",806.94925,2575.70955
"3513",863.20785,2702.723758
"3514",812.507005,2726.551069
"3515",792.35459,2659.15979
"3516",804.722821,2669.355306
"3517",808.01422,2642.7464618
"3518",816.0959,2671.2292
"3519",810.07722,2669.906029
"3520",787.763061,2614.834141
"3521",803.42311,2612.32395
"3522",768.68508,2634.36411
"3523",815.85059,2604.938255
"3524",804.91382,2677.167701
"3525",802.23254,2638.430043
"3526",849.22388,2767.646577
"3527",796.90095,2725.55108
"3528",812.15376,2561.04614
"3529",824.777034,2659.881023
"3530",759.323367,2691.550539
"3531",797.667905,2680.633535
"3532",811.111299,2619.904489
"3533",770.62256,2656.568702
"3534",806.88147,2715.06825
"3535",810.83808,2637.23848
"3536",793.67491,2693.19099
"3537",800.20259,2570.202901
"3538",789.945411,2611.985148
"3539",818.622,2642.766221
"3540",832.958082,2633.657942
"3541",864.143945,2567.813388
"3542",830.74071,2555.175995
"3543",813.552879,2655.284452
"3544",790.862216,2619.076186
"3545",829.63946,2637.81201
"3546",851.77327,2603.58403
"3547",870.57787,2657.285338
"3548",831.690935,2664.536405
"3549",870.01807,2631.824422
"3550",837.147526,2623.745596
"3551",838.60273,2574.589415
"3552",815.849486,2601.383826
"3553",821.87883,2628.894859
"3554",845.5766,2725.86604
"3555",844.146534,2681.127154
"3556",820.37543,2616.11271
"3557",800.46431,2626.16258
"3558",805.67032,2615.398848
"3559",857.73617,2610.65839
"3560",869.04784,2681.41457
"3561",800.0923,2665.607145
"3562",787.011037,2727.704736
"3563",803.96944,2697.30594
"3564",808.61489,2693.546499
"3565",805.58401,2630.77031
"3566",799.35153,2603.304927
"3567",809.756253,2615.358823
"3568",796.160093,2650.492663
"3569",806.27789,2604.48395
"3570",804.854262,2611.251262
"3571",803.21723,2595.44486
"3572",809.34428,2549.76294
"3573",802.34323,2582.58337
"3574",807.80505,2585.4216
"3575",822.82834,2618.720483
"3576",819.167216,2591.020855
"3577",796.37701,2624.398562
"3578",801.536986,2574.595246
"3579",828.49084,2588.28471
"3580",799.14779,2556.431489
"3581",830.009423,2649.574378
"3582",751.052275,2720.7661008
"3583",769.8656205,2653.7893855
"3584",817.59819,2562.445517
"3585",801.57019,2640.814048
"3586",878.2029,2640.59394
"3587",802.76671,2637.534817
"3588",798.76362,2771.137892
"3589",852.059773,2732.067685
"3590",827.121162,2581.444302
"3591",798.136907,2708.276508
"3592",741.81317,2740.75984
"3593",807.078079,2607.021479
"3594",795.255308,2595.91282
"3595",818.29124,2623.90395
"3596",790.57736,2668.34947
"3597",789.3618,2697.420618
"3598",802.9259,2705.31696
"3599",796.23332,2675.49607
"3600",803.54662,2660.316314
"3601",796.06336,2611.004413
"3602",806.37429,2617.49004
"3603",794.17848,2662.36101
"3604",834.437675,2699.725185
"3605",823.105363,2676.423726
"3606",809.35259,2731.067661
"3607",807.360302,2807.019591
"3608",805.29347,2787.3793
"3609",796.901281,2718.203061
"3610",788.60559,2673.21387
"3611",805.96686,2721.17601
"3612",792.070521,2730.519552
"3613",793.19851,2697.353217
"3614",807.599187,2587.976487
"3615",799.44752,2696.63826
"3616",812.05683,2719.68982
"3617",800.105036,2790.07457
"3618",828.64858,2718.267023
"3619",801.24911,2609.388915
"3620",824.275709,2579.145669
"3621",807.241189,2614.563532
"3622",815.29804,2740.28513
"3623",807.836756,2697.352935
"3624",811.663989,2670.391695
"3625",805.07831,2673.524898
"3626",798.63893,2689.955709
"3627",810.137292,2738.808082
"3628",795.555173,2730.851663
"3629",796.88766,2703.458517
"3630",787.03669,2625.019187
"3631",812.740501,2644.013911
"3632",799.07705,2610.72284
"3633",857.122613,2716.851635
"3634",852.692455,2716.980605
"3635",858.73259,2711.336891
"3636",839.96407,2683.86281
"3637",850.075392,2624.951381
"3638",866.37215,2600.83434
"3639",853.98743,2674.382608
"3640",824.28031,2694.55711
"3641",804.40505,2651.53426
"3642",807.32642,2751.229326
"3643",802.292803,2705.793863
"3644",778.22354,2679.14364
"3645",816.25488,2688.561486
"3646",829.26839,2667.743798
"3647",785.49112,2586.609234
"3648",787.30889,2691.36193
"3649",804.24777,2712.0407697
"3650",791.55916,2653.8551115
"3651",797.153382,2630.277312
"3652",798.107607,2586.495651
"3653",820.130497,2565.549841
"3654",800.94853,2565.84927
"3655",816.65108,2592.449441
"3656",807.91079,2680.194107
"3657",803.0366,2639.9494628
"3658",812.9047134,2640.4978384
"3659",803.424143,2622.0980517
"3660",786.52235,2662.743494
"3661",804.39239,2595.247203
"3662",810.34686,2612.124162
"3663",799.543281,2591.54412
"3664",804.4832,2597.580176
"3665",802.81504,2596.654926
"3666",758.821798,2724.304068
"3667",752.820007,2580.951537
"3668",880.11991,2646.089661
"3669",826.21127,2600.273229
"3670",826.477389,2584.43745915
"3671",832.631373,2662.335635
"3672",823.80959,2708.93191
"3673",824.07923,2701.21268
"3674",819.5935,2658.14616
"3675",823.70255,2610.15354
"3676",811.476848,2648.237512
"3677",775.48602,2684.54556
"3678",795.404998,2627.986908
"3679",797.20498,2635.10168
"3680",787.987436,2713.828426
"3681",803.925045,2661.4469826
"3682",795.70073,2565.123584
"3683",802.238098,2710.859775
"3684",820.877182,2650.93018
"3685",838.527256,2653.014096
"3686",838.48229,2667.039306
"3687",835.164796,2759.526951
"3688",839.630216,2751.163001
"3689",782.595661,2757.599071
"3690",792.033435,2712.756621
"3691",797.38204,2662.375739
"3692",809.739835,2722.598064
"3693",835.6107532,2748.2166282
"3694",799.39799,2720.938246
"3695",821.675664,2629.315766
"3696",832.073254,2639.2665302
"3697",825.140113,2681.324663
"3698",819.347233,2664.790471
"3699",820.535322,2679.785562
"3700",829.335754,2690.19825
"3701",808.503555,2732.334992
"3702",802.022525,2811.241145
"3703",835.298838,2741.6055531
"3704",807.82607,2792.654002
"3705",795.415191,2762.398851
"3706",825.958668,2825.226278
"3707",803.713774,2753.491836
"3708",820.820792,2755.961913
"3709",818.140049,2665.387369
"3710",836.574936,2695.707553
"3711",826.50435,2715.353277
"3712",792.59622,2649.7664
"3713",820.506197,2762.710178
"3714",858.021926,2683.839393
"3715",821.72259,2608.45017
"3716",797.740023,2567.054493
"3717",800.35398,2566.97846
"3718",794.031922,2639.06824
"3719",813.085563,2624.028543
"3720",790.147655,2654.486495
"3721",831.054155,2662.585875
"3722",842.44938,2712.278227
"3723",818.33146,2680.810589
"3724",790.38695,2748.087356
"3725",803.108018,2790.156988
"3726",802.178263,2694.474827
"3727",810.183999,2696.083731
"3728",815.570913,2639.302822
"3729",809.231094,2545.121422
"3730",805.386039,2594.010128
"3731",814.866497,2563.494595
"3732",800.38832,2646.832224
"3733",811.04926,2608.397299
"3734",809.09757,2690.628283
"3735",803.589079,2731.026853
"3736",796.58806,2734.305957
"3737",783.622113,2765.82751
"3738",789.110363,2770.579643
"3739",806.255212,2767.799216
"3740",831.798216,2712.873358
"3741",823.450024,2752.182374
"3742",835.710521,2656.662876
"3743",788.609788,2654.320302
"3744",808.17995,2647.162105
"3745",800.2414877,2643.0197457
"3746",810.936781,2618.961937
"3747",797.683377,2645.896975
"3748",809.6072643,2638.5225503
"3749",809.884904,2647.402203
"3750",808.24134,2677.03403
"3751",804.86499,2715.91918
"3752",798.936383,2716.198605
"3753",822.339532,2795.335711
"3754",799.51652,2809.897606
"3755",801.36564,2674.507687
"3756",813.330166,2700.974006
"3757",796.9535794,2564.7464451
"3758",811.911701,2583.19044
"3759",801.288699,2574.005879
"3760",796.987374,2691.523684
"3761",795.5566,2768.39419
"3762",800.12108,2736.62775
"3763",795.426596,2724.900696
"3764",802.426338,2676.594595
"3765",807.817785,2677.751487
"3766",798.593934,2792.820529
"3767",780.15124,2800.647603
"3768",810.7300624,2804.3226994
"3769",821.796301,2792.035721
"3770",822.369122,2811.302031
"3771",819.208902,2783.226992
"3772",816.031929,2740.52554
"3773",806.125343,2726.524273
"3774",801.723677,2716.28652
"3775",818.1356,2643.34774
"3776",801.805412,2602.79743
"3777",818.526424,2514.3469002
"3778",804.175274,2558.8034577
"3779",802.64921,2554.512786
"3780",763.276217,2605.892775
"3781",761.891672,2608.516357
"3782",737.79171,2579.237496
"3783",796.793464,2619.661541
"3784",795.967823,2658.928448
"3785",753.93039,2575.7798895
"3786",760.77263,2651.380543
"3787",756.442171,2596.404151
"3788",759.78894,2685.02475
"3789",740.69298,2628.007
"3790",742.35531,2631.60458
"3791",761.8813,2620.208729
"3792",771.60521,2639.968946
"3793",797.97447,2562.853931
"3794",784.46984,2584.30654
"3795",800.27466,2618.330829
"3796",835.71451,2610.957293
"3797",830.42288,2658.69854
"3798",818.635672,2702.681722
"3799",831.23115,2728.71716
"3800",805.84375,2690.23316
"3801",804.85441,2591.8664
"3802",818.43855,2637.2741
"3803",806.30457,2642.86975
"3804",794.45601,2669.242814
"3805",803.46309,2665.287153
"3806",798.04372,2708.352891
"3807",803.27941,2622.76978
"3808",807.293204,2637.733504
"3809",802.854873,2631.817041
"3810",811.293183,2640.988423
"3811",797.901194,2612.774554
"3812",799.715297,2676.652807
"3813",799.00053,2613.29829
"3814",784.233446,2647.046096
"3815",780.470089,2582.184537
"3816",805.826084,2590.832904
"3817",791.990554,2589.637264
"3818",817.35961,2629.30584
"3819",819.29447,2698.92689
"3820",828.663128,2703.823684
"3821",798.35246,2669.697592
"3822",823.85029,2702.096252
"3823",838.69986,2650.653664
"3824",821.28708,2675.521258
"3825",792.79798,2592.696271
"3826",836.37092,2570.176297
"3827",827.324665,2579.896522
"3828",791.501891,2552.183804
"3829",800.961628,2542.819295
"3830",798.398753,2564.084242
"3831",802.611231,2570.322711
"3832",805.897078,2586.831608
"3833",798.617919,2585.909909
"3834",842.34026,2552.824847
"3835",817.50307,2646.76519
"3836",797.97402,2794.85832
"3837",800.72724,2785.9526222
"3838",796.2478,2820.177077
"3839",778.047705,2786.115406
"3840",845.431551,2785.797105
"3841",789.035432,2663.027985
"3842",792.264199,2707.261166
"3843",780.887606,2630.791622
"3844",809.858646,2739.659324
"3845",814.67886,2644.68994
"3846",805.8426,2634.328982
"3847",806.726441,2628.055411
"3848",801.706301,2619.997647
"3849",799.757054,2600.188845
"3850",791.227067,2665.706895
"3851",799.2521136,2618.2697556
"3852",796.178874,2631.499864
"3853",791.72368,2564.51635
"3854",796.924119,2547.242841
"3855",834.963574,2522.972564
"3856",824.062502,2628.410733
"3857",812.242399,2657.371349
"3858",800.434224,2585.685391
"3859",828.10893,2653.32656
"3860",823.022048,2610.003119
"3861",826.3387,2568.632156
"3862",801.24331,2579.753802
"3863",803.39687,2538.031872
"3864",797.95312,2574.1625
"3865",802.434401,2646.892735
"3866",816.3,2712.744373
"3867",835.324289,2643.842929
"3868",865.861413,2652.593513
"3869",851.172827,2637.220854
"3870",829.96342,2721.11698
"3871",802.56836,2691.6168
"3872",772.90025,2642.769446
"3873",816.28518,2626.683906
"3874",811.018844,2661.120114
"3875",798.660246,2658.470861
"3876",738.340553,2721.331766
"3877",779.07493,2762.8634003
"3878",748.8327325,2676.5208925
"3879",724.634131,2630.243561
"3880",757.645238,2569.482709
"3881",742.42671,2610.13039
"3882",810.918302,2662.445602
"3883",802.79583,2675.430507
"3884",810.96157,2683.683765
"3885",841.57447,2798.955484
"3886",821.534769,2708.262845
"3887",809.693754,2759.034581
"3888",816.34284,2704.967047
"3889",844.27745,2798.101839
"3890",812.62086,2696.943452
"3891",816.215309,2644.983584
"3892",798.785048,2617.931108
"3893",791.012798,2690.868485
"3894",798.5791,2721.456688
"3895",818.576247,2682.186987
"3896",803.80324,2730.558426
"3897",805.82291,2675.35076
"3898",804.97966,2616.249856
"3899",771.441637,2632.843907
"3900",748.16949,2623.79173
"3901",800.35433,2691.41695
"3902",795.0617,2686.90827
"3903",797.71485,2655.420331
"3904",819.798278,2647.348427
"3905",827.01183,2772.120073
"3906",840.13783,2745.0089
"3907",821.12694,2774.594893
"3908",802.843551,2765.4158
"3909",782.16308,2729.18282
"3910",758.9757,2779.54291
"3911",780.81937,2701.839383
"3912",784.29222,2660.421341
"3913",844.87152,2625.041819
"3914",813.883951,2569.954877
"3915",790.53288,2638.515602
"3916",786.500651,2609.616101
"3917",830.305582,2586.9133819
"3918",797.676273,2650.321951
"3919",801.4746883,2558.4608323
"3920",759.84296,2592.786139
"3921",774.07919,2567.516193
"3922",743.2720879,2584.0199679
"3923",754.391476,2604.153509
"3924",834.879953,2618.357823
"3925",829.14244,2602.06396
"3926",820.532483,2623.123503
"3927",800.936589,2640.238073
"3928",793.314796,2698.832691
"3929",800.05744,2768.24177
"3930",799.411033,2686.434437
"3931",806.113314,2766.97219
"3932",816.900961,2691.009148
"3933",826.913412,2611.21
"3934",809.14393,2625.355778
"3935",818.477452,2650.36414
"3936",812.34902,2724.726852
"3937",851.414578,2751.44712
"3938",898.206727,2807.323317
"3939",849.375011,2783.174213
"3940",837.224191,2754.527211
"3941",807.408579,2732.435227
"3942",822.904711,2683.688306
"3943",789.248848,2713.684088
"3944",798.60878,2692.850306
"3945",812.26493,2639.578171
"3946",807.83323,2679.161706
"3947",802.789546,2634.300446
"3948",836.65994,2638.89509
"3949",804.39631,2721.117998
"3950",797.09894,2718.081811
"3951",808.6872028,2784.9954818
"3952",784.7830261,2791.5260581
"3953",781.581088,2815.509266
"3954",747.047274,2711.185894
"3955",746.2039,2647.258658
"3956",789.862144,2616.121644
"3957",861.13842,2645.243148
"3958",807.56039,2635.28498
"3959",798.682425,2550.395205
"3960",804.059499,2536.273149
"3961",802.291359,2492.687811
"3962",792.936866,2583.00913
"3963",804.85554,2552.858543
"3964",837.62627,2574.218683
"3965",780.482732,2757.994831
"3966",770.895931,2773.723878
"3967",736.3804309,2762.7148849
"3968",737.70298,2775.553707
"3969",768.271368,2777.924821
"3970",806.038797,2711.999212
"3971",815.868114,2777.619203
"3972",785.563925,2774.687938
"3973",793.388439,2786.742592
"3974",822.176018,2700.868828
"3975",824.975626,2649.3812
"3976",776.25776,2610.78048
"3977",802.934644,2624.633484
"3978",796.913516,2617.777777
"3979",803.775108,2580.806242
"3980",829.250674,2546.036111
"3981",809.47168,2600.305558
"3982",806.414475,2689.975034
"3983",804.305065,2632.300711
"3984",804.080375,2625.210103
"3985",814.962567,2663.764148
"3986",805.249549,2651.390605
"3987",805.045589,2637.152323
"3988",796.12249,2679.207429
"3989",809.25417,2726.04378
"3990",815.34904,2738.963329
"3991",830.486411,2698.967321
"3992",812.128746,2617.377564
"3993",824.30679,2776.550805
"3994",809.372994,2809.610044
"3995",796.95425,2619.95006
"3996",798.117384,2529.305624
"3997",819.507959,2695.745475
"3998",819.838326,2674.311229
"3999",796.348616,2565.13535
"4000",798.595133,2556.800871
"4001",813.27811,2621.39639
"4002",831.978071,2656.688973
"4003",814.40478,2563.975629
"4004",803.81738,2596.847591
"4005",800.95503,2630.367648
"4006",814.648462,2571.018031
"4007",818.60442,2599.128187
"4008",804.76595,2591.2490157
"4009",806.98423,2537.67656
"4010",789.367115,2603.45203
"4011",795.646471,2636.164341
"4012",781.49979,2611.406785
"4013",739.137387,2597.239571
"4014",798.33407,2613.96654
"4015",800.114373,2570.680923
"4016",862.791063,2534.766534
"4017",827.192395,2572.440695
"4018",813.672641,2567.523941
"4019",829.708853,2598.19127
"4020",813.4981,2582.882654
"4021",824.48311,2631.99472
"4022",788.215036,2628.155056
"4023",806.46506,2645.72659
"4024",796.96266,2630.428702
"4025",810.40318,2631.320906
"4026",771.192496,2621.814715
"4027",742.29085,2599.0645652
"4028",769.87997,2617.1581661
"4029",794.279634,2565.2899124
"4030",778.76976,2607.379359
"4031",744.075007,2587.705557
"4032",704.6692,2638.135272
"4033",775.25788,2621.851286
"4034",802.904395,2569.247305
"4035",803.040457,2589.801536
"4036",800.89794,2630.779521
"4037",829.65026,2620.44489
"4038",857.56153,2631.24067
"4039",850.65509,2573.03528
"4040",852.40713,2603.32424
"4041",834.00453,2611.76328
"4042",797.988693,2558.879242
"4043",796.410612,2584.752942
"4044",807.2263,2603.46673
"4045",786.238115,2626.851225
"4046",810.5013,2540.177826
"4047",820.488609,2579.714979
"4048",804.72809,2635.366022
"4049",810.83473,2591.385392
"4050",817.31228,2649.32416
"4051",794.961942,2670.012842
"4052",798.712475,2643.269265
"4053",800.78592,2659.303655
"4054",793.597848,2588.170864
"4055",781.901151,2555.046127
"4056",842.30187,2541.3342942
"4057",807.736207,2666.818637
"4058",822.606965,2582.190841
"4059",802.072682,2576.463295
"4060",806.23919,2650.30983
"4061",836.2445524,2634.9176824
"4062",849.76692,2636.06935
"4063",809.35816,2594.32503
"4064",741.801799,2556.421307
"4065",685.672592,2487.904671
"4066",753.52366,2530.28202
"4067",741.40499,2590.88786
"4068",697.91459,2772.10373
"4069",806.56546,2646.574395
"4070",791.029657,2651.774488
"4071",778.554471,2730.039148
"4072",771.37088,2629.735799
"4073",804.85201,2673.03029
"4074",815.0203,2535.494934
"4075",836.495074,2555.273414
"4076",839.790419,2588.116973
"4077",809.483144,2551.1712957
"4078",827.116423,2573.188283
"4079",807.798101,2602.655731
"4080",799.945736,2533.524086
"4081",821.791276,2542.402646
"4082",825.10797,2544.95247
"4083",809.84678,2581.15486
"4084",800.52672,2625.210024
"4085",798.50405,2633.41216
"4086",843.56443,2670.157148
"4087",820.79226,2598.97104
"4088",785.77049,2634.120055
"4089",825.41135,2659.734521
"4090",822.50706,2670.286509
"4091",805.613993,2557.073657
"4092",801.81985,2565.873797
"4093",784.00357,2570.075315
"4094",775.31474,2542.87967
"4095",794.24412,2592.29528
"4096",789.822774,2597.957054
"4097",813.080655,2583.421552
"4098",818.48188,2639.75239
"4099",831.288604,2671.682456
"4100",818.88411,2642.176766
"4101",801.61485,2634.465212
"4102",828.79008,2655.893224
"4103",795.83157,2665.469511
"4104",805.480609,2610.582926
"4105",794.30242,2603.99229
"4106",811.923259,2628.747329
"4107",837.639717,2659.285577
"4108",804.300723,2666.135552
"4109",814.712382,2622.772626
"4110",824.600709,2559.914454
"4111",797.80892,2580.98531
"4112",793.8855805,2582.5046205
"4113",791.123444,2628.685651
"4114",816.926406,2654.933057
"4115",828.04798,2664.880961
"4116",821.164243,2667.099945
"4117",796.841173,2607.653943
"4118",826.215604,2622.682945
"4119",862.241933,2559.240075
"4120",830.280632,2529.070865
"4121",806.333477,2569.406975
"4122",814.689369,2544.785186
"4123",817.630438,2687.926618
"4124",809.73998,2608.341913
"4125",797.501235,2550.092765
"4126",805.25906,2521.38714
"4127",818.6668,2622.60715
"4128",817.972525,2705.694875
"4129",805.998339,2748.392956
"4130",801.259158,2719.065826
"4131",801.79927,2724.241623
"4132",800.434354,2754.085319
"4133",780.909377,2772.929681
"4134",794.556596,2694.446911
"4135",786.409727,2726.9057613
"4136",810.594782,2644.564288
"4137",794.16847,2646.652427
"4138",804.532673,2668.4031
"4139",798.605149,2604.775774
"4140",806.81981,2623.112172
"4141",802.75353,2678.009354
"4142",789.16436,2647.555955
"4143",776.93149,2662.036078
"4144",763.04312,2683.600169
"4145",797.084098,2676.38898
"4146",755.04352,2608.066509
"4147",755.73889,2696.21582
"4148",764.509418,2697.76613
"4149",743.380881,2726.669326
"4150",744.577271,2732.118221
"4151",736.05826,2682.16244
"4152",739.99986,2635.40104
"4153",835.545215,2607.820677
"4154",802.38539,2673.47402
"4155",857.82357,2660.401687
"4156",853.18061,2653.43853
"4157",829.42915,2589.862
"4158",795.13208,2657.663361
"4159",802.91946,2607.550473
"4160",820.56379,2737.628011
"4161",817.83149,2690.356374
"4162",827.054482,2687.929142
"4163",812.80997,2606.10645
"4164",804.647483,2518.463999
"4165",817.101218,2603.034372
"4166",805.855757,2626.978265
"4167",795.489424,2638.804949
"4168",801.254562,2543.682012
"4169",800.552091,2600.013421
"4170",788.43468,2576.36043
"4171",797.25051,2593.11558
"4172",767.78905,2585.12385
"4173",800.84778,2575.364925
"4174",794.445806,2580.876274
"4175",808.10892,2591.075821
"4176",798.81046,2631.09388
"4177",798.50967,2623.708828
"4178",790.850239,2692.105145
"4179",803.554107,2809.396254
"4180",794.319082,2800.47112
"4181",755.565932,2791.256018
"4182",805.764121,2803.091659
"4183",803.616927,2796.975729
"4184",817.548827,2793.191323
"4185",811.44367,2683.700406
"4186",784.13885,2676.604992
"4187",789.723703,2676.140649
"4188",800.050912,2690.707644
"4189",805.93545,2651.633744
"4190",801.94951,2611.799462
"4191",774.894076,2636.366237
"4192",781.620337,2678.202538
"4193",828.731108,2593.338261
"4194",835.766729,2580.407419
"4195",835.751947,2597.686867
"4196",818.74545,2681.336875
"4197",838.141903,2672.698366
"4198",829.534683,2673.911548
"4199",856.800431,2661.738411
"4200",802.685734,2727.041964
"4201",798.18337,2582.680437
"4202",827.65748,2597.463291
"4203",813.34527,2542.599544
"4204",809.033438,2538.996228
"4205",802.243617,2536.549797
"4206",815.255098,2615.12687
"4207",831.40131,2559.11128
"4208",778.90532,2706.29411
"4209",803.272516,2655.122812
"4210",785.95448,2605.595423
"4211",801.77273,2593.650061
"4212",794.489336,2610.789716
"4213",813.816704,2692.805534
"4214",830.50697,2580.846213
"4215",822.054201,2596.312957
"4216",808.8292095,2552.2052795
"4217",804.34599,2576.685736
"4218",809.587621,2565.038411
"4219",788.054781,2593.236151
"4220",800.611459,2546.0731641
"4221",803.434086,2598.728669
"4222",802.50327,2615.9398
"4223",827.698901,2572.13131
"4224",840.138814,2627.648656
"4225",813.13252,2637.00973
"4226",833.94132,2677.938137
"4227",787.182659,2600.086829
"4228",811.729629,2593.439809
"4229",820.293784,2639.692334
"4230",797.11531,2583.693771
"4231",800.73207,2630.342472
"4232",795.67812,2586.1497677
"4233",803.93845,2691.25462
"4234",808.87533,2646.69148
"4235",788.99889,2678.14827
"4236",805.49341,2762.4865
"4237",825.817619,2676.730815
"4238",857.741969,2662.044445
"4239",794.057695,2668.371997
"4240",801.981688,2619.44627
"4241",797.9995338,2658.1457438
"4242",800.665323,2619.733613
"4243",805.90576,2646.446176
"4244",807.91541,2680.655554
"4245",846.16954,2757.06705
"4246",818.719358,2768.708533
"4247",807.344109,2756.100889
"4248",804.029868,2823.870611
"4249",789.455326,2773.097706
"4250",805.452486,2758.718806
"4251",817.82811,2674.565367
"4252",755.5697228,2656.6820928
"4253",796.729175,2658.642315
"4254",798.506581,2582.389291
"4255",797.048193,2612.632073
"4256",780.377423,2626.953932
"4257",737.48188,2784.0438882
"4258",793.334881,2593.091441
"4259",790.536637,2771.966107
"4260",801.27117,2845.724903
"4261",805.68859,2845.529082
"4262",831.36599,2667.123939
"4263",830.378547,2740.133795
"4264",807.38205,2737.991239
"4265",796.311725,2745.253727
"4266",809.1680649,2767.9968959
"4267",821.74123,2748.502106
"4268",817.49393,2749.81868
"4269",820.08843,2759.963762
"4270",815.59084,2659.075002
"4271",795.870997,2589.190303
"4272",792.717741,2575.872447
"4273",817.756138,2633.452703
"4274",793.776286,2677.328242
"4275",819.60338,2622.74289
"4276",800.6909,2636.71645
"4277",810.104235,2673.623464
"4278",801.73498,2613.87209
"4279",824.39542,2626.131991
"4280",809.7219,2568.787469
"4281",822.04376,2560.626482
"4282",806.62538,2547.59885
"4283",828.5774,2590.25738
"4284",816.335103,2588.709013
"4285",791.13558,2712.07189
"4286",801.78721,2725.76424
"4287",796.94561,2601.04397
"4288",795.54195,2579.56136
"4289",792.1643,2567.52126
"4290",788.20112,2610.68522
"4291",836.87302,2635.75773
"4292",845.16166,2590.05117
"4293",829.58138,2622.86724
"4294",792.60679,2564.94166
"4295",822.73752,2622.44503
"4296",785.26249,2580.62477
"4297",787.70576,2690.63056
"4298",765.62206,2671.11484
"4299",801.34375,2685.70316
"4300",786.02728,2645.5045
"4301",779.91289,2655.96283
"4302",813.82728,2702.10731
"4303",811.26993,2706.8244
"4304",797.45849,2648.14214
"4305",809.64851,2623.866
"4306",806.66078,2651.3257
"4307",798.48704,2600.59103
"4308",751.78417,2634.26954
"4309",753.75216,2637.64426
"4310",807.71323,2645.26982
"4311",826.87688,2633.55772
"4312",838.27324,2637.35884
"4313",804.43152,2581.160449
"4314",810.24109,2596.03838
"4315",851.07362,2615.9735
"4316",824.03821,2624.43165
"4317",811.77168,2616.87571
"4318",826.822461,2619.777861
"4319",739.067317,2687.489039
"4320",750.01068,2601.549648
"4321",774.54061,2613.008149
"4322",804.258936,2617.8215018
"4323",794.685527,2582.657412
"4324",794.725712,2568.168504
"4325",804.9281,2631.58865
"4326",757.221575,2591.111815
"4327",818.883467,2641.033137
"4328",832.490895,2716.288508
"4329",812.7929768,2772.0650468
"4330",803.01811,2759.43808
"4331",804.85601,2749.87646
"4332",826.500934,2764.175493
"4333",834.864395,2751.250969
"4334",844.703124,2693.361058
"4335",800.488201,2663.901451
"4336",795.420139,2640.731634
"4337",826.52626,2600.6050155
"4338",816.433251,2722.193363
"4339",798.36769,2684.793432
"4340",801.314069,2720.986689
"4341",836.74049,2739.60101
"4342",823.72426,2695.000482
"4343",809.30703,2710.669889
"4344",804.47002,2636.83757
"4345",773.527583,2631.611453
"4346",817.29155,2631.363709
"4347",800.714064,2608.574224
"4348",871.213774,2614.393116
"4349",831.0911,2648.067743
"4350",808.67244,2625.1593
"4351",807.727387,2629.475287
"4352",824.52182,2684.02811
"4353",841.859102,2688.227676
"4354",857.44446,2712.400682
"4355",838.27906,2662.92514
"4356",839.378696,2610.200772
"4357",797.15496,2718.678947
"4358",826.620326,2738.402356
"4359",799.50821,2759.7398
"4360",805.66024,2736.329753
"4361",827.26048,2710.82212
"4362",775.05024,2671.789301
"4363",736.67722,2707.720672
"4364",741.04581,2674.84957
"4365",734.507693,2681.559031
"4366",702.70271,2672.138373
"4367",747.85434,2701.40509
"4368",739.53842,2734.863162
"4369",741.36629,2700.091801
"4370",750.38313,2613.413461
"4371",749.89272,2560.205397
"4372",759.214293,2645.488853
"4373",741.32878,2581.360428
"4374",758.85273,2550.75439
"4375",755.89841,2580.74804
"4376",747.299965,2577.749552
"4377",780.9103,2636.40235
"4378",783.41429,2580.050237
"4379",755.54186,2617.751393
"4380",748.97836,2582.4759
"4381",741.35371,2574.81948
"4382",750.72674,2581.19756
"4383",806.05144,2675.128196
"4384",782.30811,2610.529588
"4385",801.12378,2589.099233
"4386",798.5611,2551.66841
"4387",769.702996,2595.550666
"4388",802.10374,2582.972081
"4389",846.445448,2629.722598
"4390",846.13023,2568.908732
"4391",792.493392,2579.551499
"4392",803.534742,2571.318709
"4393",807.216099,2616.660583
"4394",808.26926,2630.153862
"4395",850.37829,2630.340964
"4396",813.437516,2588.806645
"4397",800.85409,2632.275408
"4398",797.722076,2625.288756
"4399",822.48874,2571.43215
"4400",848.416089,2623.517061
"4401",799.531441,2585.950568
"4402",789.86527,2577.686042
"4403",804.134923,2681.073615
"4404",797.915577,2694.098842
"4405",795.40033,2755.540173
"4406",813.934489,2824.47421
"4407",760.570647,2795.646207
"4408",809.559455,2760.090773
"4409",798.69977,2741.611106
"4410",811.889193,2748.678227
"4411",793.75943,2763.01365
"4412",812.72389,2745.29276
"4413",801.67086,2708.690296
"4414",800.8923,2753.951101
"4415",800.17794,2733.705933
"4416",794.962046,2741.051666
"4417",801.83416,2616.850242
"4418",798.533328,2661.635171
"4419",800.68753,2616.2084
"4420",797.940005,2666.905105
"4421",797.920957,2624.185717
"4422",805.717547,2634.602927
"4423",807.431241,2566.174035
"4424",830.798948,2533.902768
"4425",820.33932,2613.46603
"4426",822.452663,2635.297249
"4427",826.95632,2520.283795
"4428",801.81037,2657.61524
"4429",796.495626,2758.691376
"4430",798.477099,2591.378
"4431",809.537451,2632.187413
"4432",787.436905,2533.916277
"4433",805.429171,2650.138081
"4434",799.975971,2742.542611
"4435",803.191204,2738.500034
"4436",809.441751,2729.837531
"4437",794.423593,2823.247385
"4438",797.74777,2620.11122
"4439",804.68849,2662.016028
"4440",833.10203,2710.878938
"4441",799.560492,2644.107584
"4442",795.964667,2712.644301
"4443",807.164234,2767.7487593
"4444",814.938865,2715.328712
"4445",807.736261,2605.833786
"4446",792.562771,2646.633188
"4447",796.066722,2574.395423
"4448",808.643086,2580.942771
"4449",739.379236,2550.522275
"4450",741.138294,2616.774528
"4451",801.76443,2576.829409
"4452",835.25531,2584.091341
"4453",807.40093,2667.02594
"4454",785.89496,2576.70753
"4455",802.64019,2564.593609
"4456",822.96115,2595.677018
"4457",831.47208,2576.55667
"4458",814.13617,2602.86194
"4459",812.769587,2678.385737
"4460",809.058403,2620.822276
"4461",836.412086,2670.562984
"4462",818.44458,2602.923688
"4463",806.962159,2617.645794
"4464",803.10756,2667.91753
"4465",829.670749,2740.031089
"4466",817.533261,2854.677974
"4467",839.362362,2723.100372
"4468",814.230266,2720.055861
"4469",820.38055,2724.09867
"4470",793.43945,2820.464854
"4471",813.908262,2729.183643
"4472",818.361944,2607.146063
"4473",807.88513,2580.956569
"4474",810.887102,2513.653035
"4475",727.423814,2592.772035
"4476",765.107287,2611.814977
"4477",747.90943,2651.126669
"4478",751.45383,2653.300352
"4479",743.06288,2674.42188
"4480",742.16964,2678.47259
"4481",798.61738,2659.45768
"4482",809.02064,2674.46223
"4483",799.86263,2605.98523
"4484",792.993616,2668.376993
"4485",794.59691,2765.05065
"4486",814.70804,2684.413414
"4487",841.631763,2655.294662
"4488",834.198612,2628.971842
"4489",822.64212,2602.86104
"4490",806.76947,2700.93395
"4491",791.787434,2657.725113
"4492",769.598114,2622.750663
"4493",740.439636,2678.721217
"4494",749.26684,2583.615239
"4495",739.20514,2641.260895
"4496",756.83867,2666.308724
"4497",775.5938919,2746.4413049
"4498",790.07578,2727.38698
"4499",776.558097,2753.77007
"4500",800.36994,2691.80435
"4501",807.332779,2723.147556
"4502",795.1879,2716.18148
"4503",802.482155,2651.111095
"4504",798.94687,2661.172919
"4505",804.7146,2628.710615
"4506",806.08112,2650.96375
"4507",810.26043,2678.213607
"4508",799.61261,2593.00321
"4509",797.44346,2575.681988
"4510",810.82702,2630.185358
"4511",802.61477,2554.779921
"4512",809.116228,2552.609113
"4513",801.53031,2540.203948
"4514",817.619733,2554.916593
"4515",826.401979,2573.672372
"4516",812.674054,2642.520034
"4517",799.617862,2594.786473
"4518",824.070753,2649.995163
"4519",830.09718,2747.028547
"4520",742.76145,2764.76223
"4521",747.81314,2757.579594
"4522",745.77194,2752.059511
"4523",726.216961,2786.232798
"4524",716.53561,2815.925401
"4525",734.805001,2727.278683
"4526",792.9468,2604.138414
"4527",795.55736,2616.0473258
"4528",779.29765,2626.489436
"4529",846.73915,2722.816114
"4530",834.136726,2754.899979
"4531",792.820045,2735.904744
"4532",819.85875,2722.268692
"4533",808.53104,2638.88184
"4534",798.405616,2669.750696
"4535",811.28152,2568.66871
"4536",792.18946,2520.933065
"4537",833.94994,2643.41878
"4538",794.42198,2727.94111
"4539",776.97868,2636.415821
"4540",752.537535,2648.583907
"4541",758.04971,2637.55311
"4542",792.69262,2493.559652
"4543",792.993,2644.33032
"4544",809.097293,2547.879254
"4545",751.93876,2586.447102
"4546",797.443754,2737.948604
"4547",803.271179,2698.181326
"4548",793.517971,2613.131243
"4549",748.81971,2592.46044
"4550",740.004759,2659.493919
"4551",789.41808,2675.855691
"4552",801.50725,2623.11812
"4553",799.7995212,2620.3345772
"4554",803.472449,2660.100959
"4555",817.05811,2619.637741
"4556",820.986466,2662.287046
"4557",804.825987,2574.800207
"4558",799.217626,2559.695874
"4559",839.883358,2576.8372
"4560",845.892087,2705.503173
"4561",754.37031,2659.765211
"4562",819.66879,2722.35685
"4563",821.93467,2643.94379
"4564",868.57188,2644.67771
"4565",839.019028,2556.701498
"4566",795.099664,2615.826691
"4567",809.670457,2609.800361
"4568",788.583206,2597.359228
"4569",793.366568,2581.87233
"4570",818.86257,2597.988064
"4571",857.759472,2647.911772
"4572",809.02542,2638.432765
"4573",743.42941,2684.94374
"4574",751.34543,2779.644215
"4575",744.23931,2747.84467
"4576",749.889842,2731.101062
"4577",745.618772,2711.875242
"4578",800.9414,2775.366012
"4579",812.77912,2754.45142
"4580",812.494767,2582.019887
"4581",811.892786,2581.936154
"4582",797.82624,2558.47986
"4583",777.68773,2558.827659
"4584",798.24183,2548.739349
"4585",807.3235,2620.295571
"4586",792.87039,2656.420205
"4587",801.724677,2742.619467
"4588",791.377656,2740.563952
"4589",795.687281,2705.352061
"4590",795.699461,2717.760645
"4591",809.009588,2774.241654
"4592",814.206869,2789.5183179
"4593",805.229547,2689.9623709
"4594",801.856535,2716.9051993
"4595",827.153401,2672.128542
"4596",802.998725,2703.151385
"4597",800.989136,2814.368568
"4598",817.596354,2909.75533
"4599",804.90776,2847.3628357
"4600",785.77922,2809.117007
"4601",797.1893,2802.82495
"4602",791.60985,2618.58237
"4603",802.660637,2618.047792
"4604",799.921179,2738.224789
"4605",820.695872,2663.015256
"4606",755.252954,2608.334624
"4607",828.85219,2592.5388
"4608",813.50842,2661.0751
"4609",808.820939,2670.498099
"4610",809.830066,2678.241526
"4611",801.552595,2600.605674
"4612",798.384422,2589.390432
"4613",833.420425,2573.486343
"4614",842.138929,2534.797341
"4615",824.01029,2568.283888
"4616",794.58309,2596.90085
"4617",825.91397,2655.972628
"4618",814.072538,2619.180713
"4619",804.787387,2651.002134
"4620",769.36762,2598.557721
"4621",749.076082,2586.573466
"4622",802.13028,2606.287849
"4623",821.46537,2607.988218
"4624",830.11949,2574.545028
"4625",817.41914,2526.4612746
"4626",810.266816,2559.025131
"4627",796.544522,2659.122742
"4628",815.946932,2529.271046
"4629",812.963,2616.293803
"4630",832.9430991,2584.8935801
"4631",795.743494,2630.74107
"4632",807.178,2523.665341
"4633",831.170548,2603.228128
"4634",812.295644,2578.238034
"4635",796.344148,2564.430688
"4636",792.785886,2545.673136
"4637",798.207397,2616.598029
"4638",792.004367,2606.367252
"4639",753.915156,2604.961944
"4640",744.027161,2675.699948
"4641",797.55562,2750.238885
"4642",835.88366,2741.650575
"4643",806.367,2726.57837
"4644",808.79922,2736.959382
"4645",776.18465,2727.197796
"4646",803.00598,2755.62206
"4647",804.189399,2748.6117962
"4648",793.563434,2733.390074
"4649",799.490531,2604.287221
"4650",802.820045,2637.948563
"4651",806.322904,2641.927813
"4652",810.299163,2651.182796
"4653",825.47277,2620.99596
"4654",809.71879,2587.8578968
"4655",788.91406,2654.32057
"4656",790.78359,2612.259452
"4657",796.344587,2595.988001
"4658",785.09684,2566.191937
"4659",827.92155,2589.999231
"4660",826.386593,2622.963663
"4661",818.462263,2619.051763
"4662",795.428216,2646.734504
"4663",818.26692,2641.310313
"4664",810.240488,2696.399267
"4665",796.31493,2710.650327
"4666",814.305375,2794.732265
"4667",809.04518,2758.350443
"4668",817.564354,2813.084094
"4669",812.665475,2810.791665
"4670",809.504742,2751.296132
"4671",829.36096,2894.86416
"4672",804.75326,2892.824329
"4673",806.80143,2881.15657
"4674",810.23577,2859.809123
"4675",804.612824,2872.662664
"4676",794.13884,2888.499998
"4677",859.63266,2837.235798
"4678",817.964545,2860.8078
"4679",840.22978,2730.549674
"4680",817.46334,2725.148429
"4681",788.87078,2729.468485
"4682",797.38166,2718.379796
"4683",825.24679,2660.636403
"4684",803.63903,2614.744487
"4685",800.86762,2613.905228
"4686",789.940256,2682.933697
"4687",778.690463,2666.080133
"4688",803.1735511,2760.9933511
"4689",802.52379,2762.95989
"4690",812.74167,2691.03226
"4691",824.899388,2614.381583
"4692",810.752392,2601.082567
"4693",816.042776,2593.915096
"4694",819.02367,2630.11618
"4695",821.173302,2571.988362
"4696",732.533395,2592.420815
"4697",700.359873,2733.599285
"4698",699.82361,2630.661078
"4699",708.55267,2689.359521
"4700",739.00778,2755.786795
"4701",744.07908,2698.982535
"4702",758.867104,2770.296904
"4703",753.99695,2883.732405
"4704",746.72569,2830.70616
"4705",694.302112,2789.460892
"4706",815.67427,2796.284765
"4707",818.84289,2821.43176
"4708",819.52223,2831.43164
"4709",797.39808,2733.209389
"4710",817.614412,2844.489639
"4711",831.781663,2700.202297
"4712",840.310936,2626.792181
"4713",826.636755,2624.8311
"4714",808.97667,2691.111761
"4715",799.17584,2691.426585
"4716",808.91811,2609.95189
"4717",796.302922,2653.410208
"4718",800.46694,2658.570042
"4719",815.33561,2603.30001
"4720",820.46671,2583.08435
"4721",825.087111,2526.836096
"4722",812.28968,2594.303454
"4723",811.01689,2604.411108
"4724",805.75192,2508.28946
"4725",799.94055,2614.86361
"4726",800.91044,2562.53427
"4727",800.68029,2627.25504
"4728",866.29305,2668.66215
"4729",867.72617,2669.66541
"4730",780.52722,2639.40231
"4731",777.30561,2627.75423
"4732",872.24302,2656.08734
"4733",843.57663,2738.0606
"4734",799.67723,2694.64217
"4735",803.7911,2635.65484
"4736",801.8911,2671.58258
"4737",835.30169,2630.20469
"4738",837.2039,2625.65431
"4739",814.07011,2638.9324
"4740",863.78133,2755.00417
"4741",845.7932,2649.26481
"4742",835.92646,2719.248313
"4743",821.04787,2759.72887
"4744",815.54693,2674.560605
"4745",804.45919,2706.042996
"4746",757.63715,2735.49847
"4747",783.52642,2736.6821
"4748",805.26008,2754.81761
"4749",791.87115,2765.123587
"4750",794.23263,2789.32349
"4751",779.928746,2746.651804
"4752",740.39447,2720.021263
"4753",735.92638,2650.244819
"4754",760.3837,2627.10586
"4755",794.37783,2736.406146
"4756",804.87323,2694.608
"4757",806.16591,2583.80464
"4758",811.77597,2553.76796
"4759",790.12089,2582.8636
"4760",805.20927,2603.82421
"4761",795.68148,2591.28825
"4762",796.58627,2646.4066
"4763",813.349042,2681.193782
"4764",835.544146,2642.630886
"4765",842.51131,2691.58831
"4766",768.42402,2628.15143
"4767",795.283197,2664.759577
"4768",829.81123,2625.9975
"4769",826.161895,2668.534973
"4770",795.34458,2634.09985
"4771",809.54111,2657.914788
"4772",805.532107,2635.466087
"4773",849.593846,2730.216836
"4774",848.792601,2647.02076
"4775",837.015104,2689.45596
"4776",806.185135,2676.695617
"4777",802.62775,2672.88066
"4778",810.55825,2759.65163
"4779",779.407112,2643.299652
"4780",826.588404,2736.710524
"4781",802.069207,2643.749477
"4782",831.220628,2683.20148
"4783",802.56339,2720.49691
"4784",796.474581,2706.980671
"4785",816.6381,2687.31286
"4786",818.98873,2688.18385
"4787",817.12343,2661.75423
"4788",797.96621,2594.969687
"4789",787.967409,2648.583798
"4790",796.83664,2671.237279
"4791",828.220341,2724.482722
"4792",783.98027,2684.604536
"4793",824.300223,2699.810935
"4794",812.929223,2650.978333
"4795",836.91706,2701.425001
"4796",812.459229,2639.598736
"4797",806.005037,2712.4548864
"4798",793.94104,2736.22136
"4799",793.505772,2623.22412
"4800",805.292562,2745.693919
"4801",795.813578,2767.214139
"4802",799.932124,2729.419744
"4803",797.734318,2660.852261
"4804",802.224997,2628.994832
"4805",806.9445043,2786.6411423
"4806",807.7907829,2772.1667129
"4807",788.151667,2754.666887
"4808",827.92415,2760.428926
"4809",868.914976,2744.655489
"4810",838.625298,2674.054051
"4811",838.023928,2678.692799
"4812",826.190131,2679.036372
"4813",811.40223,2664.730394
"4814",804.601229,2779.767241
"4815",803.80528,2814.308941
"4816",801.24977,2661.719624
"4817",797.077615,2580.597713
"4818",822.24689,2605.698601
"4819",801.082061,2600.299741
"4820",818.877253,2700.678681
"4821",800.22264,2618.9086
"4822",797.225284,2596.249574
"4823",797.61008,2551.924116
"4824",748.10472,2607.75719
"4825",759.55139,2577.631088
"4826",826.8046,2590.60744
"4827",837.94686,2595.840377
"4828",820.10181,2508.3033368
"4829",807.5421,2595.52099
"4830",795.014747,2621.089702
"4831",820.097535,2624.568255
"4832",805.097703,2668.042255
"4833",805.556948,2597.117298
"4834",796.936656,2584.131819
"4835",795.258244,2619.543764
"4836",805.401807,2633.532644
"4837",795.730236,2622.901919
"4838",824.866839,2653.02936
"4839",794.968217,2605.239998
"4840",793.374135,2684.490904
"4841",822.7777,2617.777682
"4842",787.713206,2627.39354
"4843",780.971213,2604.800058
"4844",790.616125,2570.627932
"4845",814.230501,2597.072846
"4846",785.32768,2631.23182
"4847",803.557311,2650.296696
"4848",794.412744,2643.744697
"4849",822.91793,2707.25777
"4850",824.0811062,2732.1019582
"4851",816.20082,2684.942926
"4852",830.246499,2614.443955
"4853",823.123345,2602.247708
"4854",840.646754,2593.625729
"4855",840.434695,2650.819073
"4856",810.041112,2646.292142
"4857",817.16321,2607.371571
"4858",798.50194,2650.33192
"4859",802.06766,2727.39946
"4860",834.741865,2635.677375
"4861",810.946089,2758.683279
"4862",827.139481,2661.747122
"4863",798.40968,2612.29854
"4864",814.38945,2760.175702
"4865",807.37817,2594.723469
"4866",804.589053,2613.832403
"4867",794.58647,2571.6438
"4868",800.414837,2573.592532
"4869",774.613482,2566.344329
"4870",804.84486,2688.4497
"4871",781.283277,2651.10676
"4872",810.360984,2669.187354
"4873",814.67662,2599.85756
"4874",820.73838,2708.74169
"4875",833.67453,2632.15291
"4876",810.79448,2657.75141
"4877",807.0088,2607.61895
"4878",816.46201,2607.77732
"4879",794.09855,2609.189496
"4880",813.50066,2580.220439
"4881",781.47061,2699.88112
"4882",795.782365,2712.313535
"4883",787.81737,2735.87361
"4884",786.34611,2745.24943
"4885",853.36834,2743.720397
"4886",790.91158,2716.38001
"4887",820.44423,2759.62709
"4888",801.890655,2799.693885
"4889",820.67725,2822.792472
"4890",853.51419,2723.110223
"4891",829.130623,2686.976028
"4892",798.6285,2626.637382
"4893",851.834989,2673.599415
"4894",840.757413,2698.460433
"4895",831.288773,2798.788753
"4896",833.651064,2665.411356
"4897",824.28213,2665.599259
"4898",797.34034,2680.956672
"4899",800.501606,2620.865286
"4900",800.615898,2616.801074
"4901",798.441649,2589.32734
"4902",868.12617,2583.250148
"4903",912.87959,2559.39561
"4904",895.77637,2610.148891
"4905",826.270218,2542.098044
"4906",829.61301,2600.07892
"4907",739.18472,2650.24014
"4908",748.47946,2538.22779
"4909",771.472378,2632.175658
"4910",794.99833,2610.61187
"4911",811.16506,2604.58974
"4912",812.03454,2608.923426
"4913",801.66738,2661.446551
"4914",817.28741,2746.503208
"4915",820.585531,2835.123948
"4916",807.78193,2760.346227
"4917",797.29255,2705.56236
"4918",837.67069,2675.503888
"4919",825.34286,2653.61625
"4920",797.72612,2653.68284
"4921",800.16284,2610.30251
"4922",815.71662,2617.99566
"4923",735.014821,2680.434214
"4924",733.964184,2635.38093
"4925",746.269875,2543.188347
"4926",774.21415,2546.814461
"4927",771.33801,2537.58753
"4928",751.62409,2594.90574
"4929",746.008244,2605.927744
"4930",766.694078,2570.205078
"4931",800.21265,2548.16326
"4932",805.19587,2575.320189
"4933",818.11458,2561.888904
"4934",816.41361,2570.057018
"4935",843.57043,2794.41596
"4936",798.94945,2852.1566
"4937",805.08829,2814.75312
"4938",824.037707,2739.006847
"4939",825.90349,2788.63583
"4940",845.2636,2778.9384
"4941",810.159871,2691.767121
"4942",801.74891,2668.68462
"4943",792.69041,2687.54654
"4944",808.45138,2701.380493
"4945",812.37824,2660.83428
"4946",830.42676,2678.31249
"4947",804.146799,2681.876359
"4948",827.379161,2694.080105
"4949",804.59172,2667.447343
"4950",775.795409,2742.232344
"4951",798.161993,2702.52939
"4952",795.17074,2696.78298
"4953",717.959148,2643.290467
"4954",683.481311,2671.704849
"4955",688.012918,2622.349433
"4956",682.880812,2571.114042
"4957",689.44921,2586.144719
"4958",677.232915,2542.306491
"4959",691.97216,2638.201526
"4960",754.17665,2616.96323
"4961",794.24357,2670.633863
"4962",809.632186,2717.564586
"4963",812.56726,2714.723805
"4964",780.87245,2653.547556
"4965",812.18102,2685.654005
"4966",804.506809,2691.913322
"4967",839.752417,2755.583579
"4968",754.785712,2725.143377
"4969",818.38632,2739.271281
"4970",825.58695,2732.183819
"4971",817.34856,2721.908667
"4972",796.72208,2665.159289
"4973",751.86527,2700.709639
"4974",759.183336,2627.804645
"4975",821.98116,2619.9362005
"4976",888.57245,2573.008279
"4977",856.914599,2471.817741
"4978",790.93411,2569.045607
"4979",855.277073,2553.790092
"4980",805.975296,2602.530964
"4981",845.36043,2601.8818141
"4982",825.90185,2580.638733
"4983",835.70047,2641.856658
"4984",809.605606,2572.214903
"4985",777.066911,2581.451229
"4986",830.692492,2627.771567
"4987",813.307068,2627.322341
"4988",813.355422,2584.649762
"4989",828.00195,2649.417655
"4990",827.907379,2545.083819
"4991",815.595723,2578.754683
"4992",795.76921,2614.75103
"4993",690.030648,2590.361128
"4994",691.475888,2575.220959
"4995",694.726878,2644.480025
"4996",688.87272,2605.111238
"4997",696.848891,2555.306899
"4998",691.987944,2598.748451
"4999",672.28585,2605.63905
"5000",660.47183,2616.747091
